create table tnmList(pk INTEGER, description TEXT);

INSERT INTO tnmList(pk, description) VALUES (10, 'Gastric Cancer');
INSERT INTO tnmList(pk, description) VALUES (20, 'Colorectal Cancer');
--INSERT INTO tnmList(pk, description) VALUES (30, 'Esophageal Squamous Cell Cancer');
INSERT INTO tnmList(pk, description) VALUES (40, 'TNM for Carcinoma of Breast');
INSERT INTO tnmList(pk, description) VALUES (50, 'Lung Cancer');
INSERT INTO tnmList(pk, description) VALUES (60, 'Prostate Cancer');
INSERT INTO tnmList(pk, description) VALUES (70, 'Bladder Cancer');
--INSERT INTO tnmList(pk, description) VALUES (80, 'TNM Anatomic Groups for Prognostic Cancer');
INSERT INTO tnmList(pk, description) VALUES (90, 'Testicular Cancer');

create table tnmT(listID INTEGER, code TEXT, description TEXT);

INSERT INTO tnmT(listID, code, description) VALUES(10, 'TX','Primary tumor cannot be assessed');
INSERT INTO tnmT(listID, code, description) VALUES(10, 'TO','No evidence of primary tumor');
INSERT INTO tnmT(listID, code, description) VALUES(10, 'Tis','Carcinoma in situ: intraepithelial tumor without invasion of the lamina propria');
INSERT INTO tnmT(listID, code, description) VALUES(10, 'T1','Tumor invades lamina propria, muscularis mucosae, or submucosa');
INSERT INTO tnmT(listID, code, description) VALUES(10, 'T1a','Tumor invades lamina propria or muscularis mucosae');
INSERT INTO tnmT(listID, code, description) VALUES(10, 'T1b','Tumor invades submucosa');
INSERT INTO tnmT(listID, code, description) VALUES(10, 'T2','Tumor invades muscularis propria*');
INSERT INTO tnmT(listID, code, description) VALUES(10, 'T3','Tumor penetrates subserosal connective tissue without invasion of visceral peritoneum or adjacent structucres??');
INSERT INTO tnmT(listID, code, description) VALUES(10, 'T4','Tumor invades serosa (visceral peritoneum) or adjacent structures??');
INSERT INTO tnmT(listID, code, description) VALUES(10, 'T4a','Tumor invades serosa (visceral peritoneum)');
INSERT INTO tnmT(listID, code, description) VALUES(10, 'T4b','Tumor invades adjacent structures');

create table tnmN(listID INTEGER, code TEXT, description TEXT);

INSERT INTO tnmN(listID, code, description) VALUES(10, 'NX','Regional lymph node(s) cannot be assessed');
INSERT INTO tnmN(listID, code, description) VALUES(10, 'NO','No regional lymph node metastasiso');
INSERT INTO tnmN(listID, code, description) VALUES(10, 'N1','Metastasis in L-2 regional lymph nodes');
INSERT INTO tnmN(listID, code, description) VALUES(10, 'N2','Metastasis in 3-6 regional lymph nodes');
INSERT INTO tnmN(listID, code, description) VALUES(10, 'N3','Metastasis in seven or more regional lymph nodes');
INSERT INTO tnmN(listID, code, description) VALUES(10, 'N3a','Metastasis in 7-15 regional lymph nodes');
INSERT INTO tnmN(listID, code, description) VALUES(10, 'N3b','Metastasis in 16 or more regional lymph nodes');

create table tnmM(listID INTEGER, code TEXT, description TEXT);

INSERT INTO tnmM(listID, code, description) VALUES(10, 'MO','No distant metastasis');
INSERT INTO tnmM(listID, code, description) VALUES(10, 'M1','Distant metastasis');

create table tnmG(listID INTEGER, code TEXT, description TEXT);

create table tnmStage(listID INTEGER, t_code TEXT, n_code TEXT, m_code TEXT, g_code TEXT, stage TEXT);

INSERT INTO tnmStage(listID, t_code, n_code, m_code, stage) VALUES(10, 'Tis','NO','MO','Stage 0');
INSERT INTO tnmStage(listID, t_code, n_code, m_code, stage) VALUES(10, 'T1','NO','MO','Stage IA');
INSERT INTO tnmStage(listID, t_code, n_code, m_code, stage) VALUES(10, 'T2','NO','MO','Stage IB');
INSERT INTO tnmStage(listID, t_code, n_code, m_code, stage) VALUES(10, 'T1','N1','MO','Stage IB');
INSERT INTO tnmStage(listID, t_code, n_code, m_code, stage) VALUES(10, 'T3','NO','MO','Stage IIA');
INSERT INTO tnmStage(listID, t_code, n_code, m_code, stage) VALUES(10, 'T2','N1','MO','Stage IIA');
INSERT INTO tnmStage(listID, t_code, n_code, m_code, stage) VALUES(10, 'T1','N2','MO','Stage IIA');
INSERT INTO tnmStage(listID, t_code, n_code, m_code, stage) VALUES(10, 'T4a','NO','MO','Stage IIB');
INSERT INTO tnmStage(listID, t_code, n_code, m_code, stage) VALUES(10, 'T3','N1','MO','Stage IIB');
INSERT INTO tnmStage(listID, t_code, n_code, m_code, stage) VALUES(10, 'T2','N2','MO','Stage IIB');
INSERT INTO tnmStage(listID, t_code, n_code, m_code, stage) VALUES(10, 'T1','N3','MO','Stage IIB');
INSERT INTO tnmStage(listID, t_code, n_code, m_code, stage) VALUES(10, 'T4a','N1','MO','Stage IIIA');
INSERT INTO tnmStage(listID, t_code, n_code, m_code, stage) VALUES(10, 'T3','N2','MO','Stage IIIA');
INSERT INTO tnmStage(listID, t_code, n_code, m_code, stage) VALUES(10, 'T2','N3','MO','Stage IIIA');
INSERT INTO tnmStage(listID, t_code, n_code, m_code, stage) VALUES(10, 'T4b','NO','MO','Stage IIIB');
INSERT INTO tnmStage(listID, t_code, n_code, m_code, stage) VALUES(10, 'T4b','N1','MO','Stage IIIB');
INSERT INTO tnmStage(listID, t_code, n_code, m_code, stage) VALUES(10, 'T4a','N2','MO','Stage IIIB');
INSERT INTO tnmStage(listID, t_code, n_code, m_code, stage) VALUES(10, 'T3','N3','MO','Stage IIIB');
INSERT INTO tnmStage(listID, t_code, n_code, m_code, stage) VALUES(10, 'T4b','N2','MO','Stage IIIC');
INSERT INTO tnmStage(listID, t_code, n_code, m_code, stage) VALUES(10, 'T4b','N3','MO','Stage IIIC');
INSERT INTO tnmStage(listID, t_code, n_code, m_code, stage) VALUES(10, 'T4a','N3','MO','Stage IIIC');
INSERT INTO tnmStage(listID, t_code, n_code, m_code, stage) VALUES(10, 'Any T','Any N','M1','Stage IV');


INSERT INTO tnmT(listID, code, description) VALUES(20, 'TX','Primary tumor cannot be assessed');
INSERT INTO tnmT(listID, code, description) VALUES(20, 'TO','No evidence of primary tumor');
INSERT INTO tnmT(listID, code, description) VALUES(20, 'Tis','Carcinoma in situ: intraepithelial or invasion of lamina propria*');
INSERT INTO tnmT(listID, code, description) VALUES(20, 'T1','Tumor invades submucosa');
INSERT INTO tnmT(listID, code, description) VALUES(20, 'T2','Tumor invades muscularis propria');
INSERT INTO tnmT(listID, code, description) VALUES(20, 'T3','Tumor invades through the muscularis propria into pericolorectal tissues');
INSERT INTO tnmT(listID, code, description) VALUES(20, 'T4a','Tumor penetrates to the surface of the visceral peritoneum?');
INSERT INTO tnmT(listID, code, description) VALUES(20, 'T4b','Tumor directly invades or is adherent to other organs or structures??');


INSERT INTO tnmN(listID, code, description) VALUES(20, 'NX','Regional lymph nodes cannot be assessed');
INSERT INTO tnmN(listID, code, description) VALUES(20, 'NO','No regional lymph node metastasis');
INSERT INTO tnmN(listID, code, description) VALUES(20, 'N1','Metastasis in 1-3 regional lymph nodes');
INSERT INTO tnmN(listID, code, description) VALUES(20, 'N1a','Metastasis in one regional lymph node');
INSERT INTO tnmN(listID, code, description) VALUES(20, 'N1b','Metastasis in 2-3 regional lymph nodes');
INSERT INTO tnmN(listID, code, description) VALUES(20, 'N1c','Tumor deposit(s) in the subserosa, mesentery, or nonperitonealized pericolic or perirectal tissues without regional nodal metastasis');
INSERT INTO tnmN(listID, code, description) VALUES(20, 'N2','Metastasis in four or more regional lymph nodes');
INSERT INTO tnmN(listID, code, description) VALUES(20, 'N2a','Metastasis in 4-6 regional lymph nodes');
INSERT INTO tnmN(listID, code, description) VALUES(20, 'N2b','Metastasis in seven or more regional lymph nodes');

INSERT INTO tnmM(listID, code, description) VALUES(20, 'MO','No distant metastasis');
INSERT INTO tnmM(listID, code, description) VALUES(20, 'M1','Distant metastasis');
INSERT INTO tnmM(listID, code, description) VALUES(20, 'M1a','Metastasis confined to one organ or site (eg: liver, lung, ovary, nonregional node)');
INSERT INTO tnmM(listID, code, description) VALUES(20, 'M1b','Metastases in more than one organ/site or the peritoneum');

INSERT INTO tnmStage(listID, t_code, n_code, m_code, stage) VALUES(20, 'Tis','NO','MO','Stage 0');
INSERT INTO tnmStage(listID, t_code, n_code, m_code, stage) VALUES(20, 'T1','NO','MO','Stage I');
INSERT INTO tnmStage(listID, t_code, n_code, m_code, stage) VALUES(20, 'T2','NO','MO','Stage I');
INSERT INTO tnmStage(listID, t_code, n_code, m_code, stage) VALUES(20, 'T3','NO','MO','Stage IIA');
INSERT INTO tnmStage(listID, t_code, n_code, m_code, stage) VALUES(20, 'T4a','NO','MO','Stage IIB');
INSERT INTO tnmStage(listID, t_code, n_code, m_code, stage) VALUES(20, 'T4b','NO','MO','Stage IIC');
INSERT INTO tnmStage(listID, t_code, n_code, m_code, stage) VALUES(20, 'T1','N1','M0','Stage IIIA');
INSERT INTO tnmStage(listID, t_code, n_code, m_code, stage) VALUES(20, 'T1','N1c','M0','Stage IIIA');
INSERT INTO tnmStage(listID, t_code, n_code, m_code, stage) VALUES(20, 'T2','N1','M0','Stage IIIA');
INSERT INTO tnmStage(listID, t_code, n_code, m_code, stage) VALUES(20, 'T2','N1c','M0','Stage IIIA');
INSERT INTO tnmStage(listID, t_code, n_code, m_code, stage) VALUES(20, 'T1','N2a','M0','Stage IIIA');
INSERT INTO tnmStage(listID, t_code, n_code, m_code, stage) VALUES(20, 'T3','N1','M0','Stage IIIB');
INSERT INTO tnmStage(listID, t_code, n_code, m_code, stage) VALUES(20, 'T3','N1c','M0','Stage IIIB');
INSERT INTO tnmStage(listID, t_code, n_code, m_code, stage) VALUES(20, 'T4a','N1','M0','Stage IIIB');
INSERT INTO tnmStage(listID, t_code, n_code, m_code, stage) VALUES(20, 'T4a','N1c','M0','Stage IIIB');
INSERT INTO tnmStage(listID, t_code, n_code, m_code, stage) VALUES(20, 'T2','N2a','M0','Stage IIIB');
INSERT INTO tnmStage(listID, t_code, n_code, m_code, stage) VALUES(20, 'T3','N2a','M0','Stage IIIB');
INSERT INTO tnmStage(listID, t_code, n_code, m_code, stage) VALUES(20, 'T1','N2b','M0','Stage IIIB');
INSERT INTO tnmStage(listID, t_code, n_code, m_code, stage) VALUES(20, 'T2','N2b','M0','Stage IIIB');
INSERT INTO tnmStage(listID, t_code, n_code, m_code, stage) VALUES(20, 'T4a','N2a','M0','Stage IIIC');
INSERT INTO tnmStage(listID, t_code, n_code, m_code, stage) VALUES(20, 'T3','N2b','M0','Stage IIIC');
INSERT INTO tnmStage(listID, t_code, n_code, m_code, stage) VALUES(20, 'T4a','N2b','M0','Stage IIIC');
INSERT INTO tnmStage(listID, t_code, n_code, m_code, stage) VALUES(20, 'T4b','N1-N2','M0','Stage IIIC');
INSERT INTO tnmStage(listID, t_code, n_code, m_code, stage) VALUES(20, 'Any T','Any N','M1a','Stage IVA');
INSERT INTO tnmStage(listID, t_code, n_code, m_code, stage) VALUES(20, 'Any T','Any N','M1b','Stage IVB');

INSERT INTO tnmT(listID, code, description) VALUES(40, 'TX ','Primary tumor cannot be assessed');
INSERT INTO tnmT(listID, code, description) VALUES(40, 'TO','No evidence of primary tumor');
INSERT INTO tnmT(listID, code, description) VALUES(40, 'Tis','Carcinoma in situ');
INSERT INTO tnmT(listID, code, description) VALUES(40, 'T1','Tumor ?20 mm in greatest dimension');
INSERT INTO tnmT(listID, code, description) VALUES(40, 'Tlmi','Tumor ?1 mm in greatest dimension');
INSERT INTO tnmT(listID, code, description) VALUES(40, 'T1a','Tumor >1 mm but ?5 mm in greatest dimension');
INSERT INTO tnmT(listID, code, description) VALUES(40, 'T1b','Tumor >5 mm but ?10 mm in greatest dimension');
INSERT INTO tnmT(listID, code, description) VALUES(40, 'T1c','Tumor >10 mm but ?20 mm in greatest dimension');
INSERT INTO tnmT(listID, code, description) VALUES(40, 'T2','Tumor >20 mm but ?50 mm in greatest dimension');
INSERT INTO tnmT(listID, code, description) VALUES(40, 'T3','Tumor >50 mm in greatest dimension');
INSERT INTO tnmT(listID, code, description) VALUES(40, 'T4?','Tumor of any size with direct extension to the chest wall and/or to the skin (ulceration or skin nodules)');
INSERT INTO tnmT(listID, code, description) VALUES(40, 'T4a','Extension to the chest wall, not including only pectoralis muscle adherence/invasion');
INSERT INTO tnmT(listID, code, description) VALUES(40, 'T4b','Ulceration and/or ipsilateral satellite nodules and/or edema (including peau d''orange) of the skin, which do not meet the criteria for inflammatory carcinoma');
INSERT INTO tnmT(listID, code, description) VALUES(40, 'T4c','Both T4a and T4b');
INSERT INTO tnmT(listID, code, description) VALUES(40, 'T4d','Inflammatory carcinoma§');

INSERT INTO tnmN(listID, code, description) VALUES(40, 'pNX','Regional lymph nodes cannot be assessed (eg, previously removed, or not removed for pathologic study)');
INSERT INTO tnmN(listID, code, description) VALUES(40, 'pN0','No regional lymph node metastasis identified histologically');
INSERT INTO tnmN(listID, code, description) VALUES(40, 'pN0(i- )','No regional lymph node metastases histologically, negative immunohistochemistry (IHC)');
INSERT INTO tnmN(listID, code, description) VALUES(40, 'pN0(i+)','Malignant cells in regional lymph node(s) no greater than 0.2 mm (detected by H&E or IHC including isolated tumor cell clusters (ITC))');
INSERT INTO tnmN(listID, code, description) VALUES(40, 'pN0(mol-)','No regional lymph node metastases histologically, negative molecular findings (RT-PCR)??');
INSERT INTO tnmN(listID, code, description) VALUES(40, 'pN0(mol+)','Positive molecular findings (RT-PCR)??, but no regional lymph node metastases detected bV histology or IHC');
INSERT INTO tnmN(listID, code, description) VALUES(40, 'pN1','Micrometastases; or metastases in 1-3 axillary lymph nodes; and/or in internal mammary nodes with metastases detected by sentinel lymph node biop-sy but not clinically detected ??');
INSERT INTO tnmN(listID, code, description) VALUES(40, 'pN 1mi','Micrometastases (greater than 0.2 mm and/or more than 200 cells, but none greater than 2.0 mm');
INSERT INTO tnmN(listID, code, description) VALUES(40, 'pN 1a','Metastases in 1-3 axillary lymph nodes, at least one metastasis greater than 2.0 mm');
INSERT INTO tnmN(listID, code, description) VALUES(40, 'pN 1b','Metastases in internal mammary nodes with micrometastases or macrometastases detected by sentinel lymph node biopsy but not clinically detected ??');
INSERT INTO tnmN(listID, code, description) VALUES(40, 'pN 1c','Metastases in 1-3 axillary lymph nodes and in internal mammary or macrometastases detected by sentinel lymph node biopsy but lymph nodes with micrometastases not clinically detected');
INSERT INTO tnmN(listID, code, description) VALUES(40, 'pN2','Metastases in 4-9 axillary lymph nodes; or in clinically detected?? internal mammary lymph nodes in the absence of axillary lymph node metastases');
INSERT INTO tnmN(listID, code, description) VALUES(40, 'pN2a','Metastases in 4-9 axillary lymph nodes (at least one tumor deposit greater than 2.0 mm)-..-');
INSERT INTO tnmN(listID, code, description) VALUES(40, 'pN2b','Metastases in clinically detectedoo internal mammary lymph nodes in the absence of axillary lymph node metastases');
INSERT INTO tnmN(listID, code, description) VALUES(40, 'pN3','Metastases in ten or more axillary lymph nodes; or in infraclavicular (level III axillary) lymph nodes; or in clinically detectedoo ipsilateral internal mammary lymph nodes in the presence of one or more positive level I, II axillary lymph nodes; or in more than three axillary lymph nodes and in internal mammary lymph nodes with micrometastases or macrometastases detected by sentinel lymph node biopsy but not clinically detected ??; or in ipsilateral supraclavicular lymph nodes');
INSERT INTO tnmN(listID, code, description) VALUES(40, 'pN3a','Metastases in ten or more axillary lymph nodes (at least one tumor deposit greater than 2.0 mm); or metastases to the infraclavicular (level III axillary lymph) nodes');
INSERT INTO tnmN(listID, code, description) VALUES(40, 'pN3b','Metastases in clinically detected?? ipsilateral internal mammary lymph nodes in the presence of one or more positive axillary lymph nodes; or in more than three axillary lymph nodes and in internal mammary lymph nodes with micrometastases or macrometastases detected by sentinel lymph node biopsy but not clinically detected ??');
INSERT INTO tnmN(listID, code, description) VALUES(40, 'pN3c','Metastases in ipsilateral supraclavicular lymph nodes');

INSERT INTO tnmM(listID, code, description) VALUES(40, 'MO','No clinical or radiographic evidence of distant metastases');
INSERT INTO tnmM(listID, code, description) VALUES(40, 'M1','Distant detectable metastases as determined by classic clinical and radiographic means');

INSERT INTO tnmStage(listID, t_code, n_code, m_code, stage) VALUES(20, 'Tis','pNO','MO','Stage 0');
INSERT INTO tnmStage(listID, t_code, n_code, m_code, stage) VALUES(20, 'T1','pNO','MO','Stage IA');
INSERT INTO tnmStage(listID, t_code, n_code, m_code, stage) VALUES(20, 'TO','pNNmi','MO','Stage IB');
INSERT INTO tnmStage(listID, t_code, n_code, m_code, stage) VALUES(20, 'T1','pN1mi','MO','Stage IB');
INSERT INTO tnmStage(listID, t_code, n_code, m_code, stage) VALUES(20, 'TO','pN1','MO','Stage IIA');
INSERT INTO tnmStage(listID, t_code, n_code, m_code, stage) VALUES(20, 'T1','pN1','MO','Stage IIA');
INSERT INTO tnmStage(listID, t_code, n_code, m_code, stage) VALUES(20, 'T2','pNO','MO','Stage IIA');
INSERT INTO tnmStage(listID, t_code, n_code, m_code, stage) VALUES(20, 'T2','pN1','MO','Stage IIB');
INSERT INTO tnmStage(listID, t_code, n_code, m_code, stage) VALUES(20, 'T3','pNO','MO','Stage IIB');
INSERT INTO tnmStage(listID, t_code, n_code, m_code, stage) VALUES(20, 'TO','pN2','MO','Stage IIIA');
INSERT INTO tnmStage(listID, t_code, n_code, m_code, stage) VALUES(20, 'T1','pN2','MO','Stage IIIA');
INSERT INTO tnmStage(listID, t_code, n_code, m_code, stage) VALUES(20, 'T2','pN2','MO','Stage IIIA');
INSERT INTO tnmStage(listID, t_code, n_code, m_code, stage) VALUES(20, 'T3','pN1','MO','Stage IIIA');
INSERT INTO tnmStage(listID, t_code, n_code, m_code, stage) VALUES(20, 'T3','pN2','MO','Stage IIIA');
INSERT INTO tnmStage(listID, t_code, n_code, m_code, stage) VALUES(20, 'T4','pNO','MO','Stage IIIB');
INSERT INTO tnmStage(listID, t_code, n_code, m_code, stage) VALUES(20, 'T4','pN1','MO','Stage IIIB');
INSERT INTO tnmStage(listID, t_code, n_code, m_code, stage) VALUES(20, 'T4','pN2','MO','Stage IIIB');
INSERT INTO tnmStage(listID, t_code, n_code, m_code, stage) VALUES(20, 'Any T','pN3','MO','Stage IIIC');
INSERT INTO tnmStage(listID, t_code, n_code, m_code, stage) VALUES(20, 'Any T','pAny N','M1','Stage IV');


INSERT INTO tnmT(listID, code, description) VALUES(50, 'T1','Tumor ?3 cm diameter, surrounded by lung or visceral pleura, without invasion more proximal than lobar bronchus');
INSERT INTO tnmT(listID, code, description) VALUES(50, 'T1a','Tumor ?2 cm in diameter');
INSERT INTO tnmT(listID, code, description) VALUES(50, 'T1b','Tumor >2 cm but ?3 cm in diameter');
INSERT INTO tnmT(listID, code, description) VALUES(50, 'T2','Tumor >3 cm but ?7 cm, or tumor with any of the following features: Involves main bronchus, >2 cm distal to carina Invades visceral pleura Associated with atelectasis or obstructive pneumonitis that extends to the hilar region but does not involve the entire lung');
INSERT INTO tnmT(listID, code, description) VALUES(50, 'T2a','Tumor >3 cm but ?5 cm');
INSERT INTO tnmT(listID, code, description) VALUES(50, 'T2b','Tumor >5 cm but ?7 cm');
INSERT INTO tnmT(listID, code, description) VALUES(50, 'T3','Tumor >7 cm or any of the following: Directly invades any of the following: chest wall, diaphragm, phrenic nerve, mediastinal pleura, parietal pericardium, main bronchus <2 cm from carina (without involvement of carina) Atelectasis or obstructive pneumonitis of the entire lung Separate tumor nodules in the same lobe');
INSERT INTO tnmT(listID, code, description) VALUES(50, 'T4','Tumor of any size that invades the mediastinum, heart, great vessels, trachea, recurrent laryngeal nerve, esophagus, vertebral body, carina, or with separate tumor nodules in a different ipsilateral lobe');

INSERT INTO tnmN(listID, code, description) VALUES(50, 'N0','No regional lymph node metastases');
INSERT INTO tnmN(listID, code, description) VALUES(50, 'N1','Metastasis in ipsilateral peribronchial and/or ipsilateral hilar lymph nodes and intrapulmonary nodes, including involvement by direct extension');
INSERT INTO tnmN(listID, code, description) VALUES(50, 'N2','Metastasis in ipsilateral mediastinal and/or subcarinal lymph node(s)');
INSERT INTO tnmN(listID, code, description) VALUES(50, 'N3','Metastasis in contralateral mediastinal, contralateral hilar, ipsilateral or contralateral scalene, or supraclavicular lymph node(s)');

INSERT INTO tnmM(listID, code, description) VALUES(50, 'MO','No distant metastasis');
INSERT INTO tnmM(listID, code, description) VALUES(50, 'M1','Distant metastasis');
INSERT INTO tnmM(listID, code, description) VALUES(50, 'M1a ','Separate tumor nodule(s) in a contralateral lobe; tumor with pleural nodules or malignant pleural or pericardial effusion');
INSERT INTO tnmM(listID, code, description) VALUES(50, 'Mlb','Distant metastasis (in extrathoracic organs)');

INSERT INTO tnmStage(listID, t_code, n_code, m_code, stage) VALUES(50, 'T1a','N0','M0','Stage IA');
INSERT INTO tnmStage(listID, t_code, n_code, m_code, stage) VALUES(50, 'T1b','N0','M0','Stage IA');
INSERT INTO tnmStage(listID, t_code, n_code, m_code, stage) VALUES(50, 'T2a','N0','M0','Stage IB');
INSERT INTO tnmStage(listID, t_code, n_code, m_code, stage) VALUES(50, 'Tla','N1','MO','Stage IIA');
INSERT INTO tnmStage(listID, t_code, n_code, m_code, stage) VALUES(50, 'T1b','N1','MO','Stage IIA');
INSERT INTO tnmStage(listID, t_code, n_code, m_code, stage) VALUES(50, 'T2a','N1','MO','Stage IIA');
INSERT INTO tnmStage(listID, t_code, n_code, m_code, stage) VALUES(50, 'T2b','NO','MO','Stage IIA');
INSERT INTO tnmStage(listID, t_code, n_code, m_code, stage) VALUES(50, 'T2b','N1','MO','Stage IIB');
INSERT INTO tnmStage(listID, t_code, n_code, m_code, stage) VALUES(50, 'T3','NO','MO','Stage IIB');
INSERT INTO tnmStage(listID, t_code, n_code, m_code, stage) VALUES(50, 'Tla','N2','MO','Stage IIIA');
INSERT INTO tnmStage(listID, t_code, n_code, m_code, stage) VALUES(50, 'Tlb','N2','MO','Stage IIIA');
INSERT INTO tnmStage(listID, t_code, n_code, m_code, stage) VALUES(50, 'T2a','N2','MO','Stage IIIA');
INSERT INTO tnmStage(listID, t_code, n_code, m_code, stage) VALUES(50, 'T2b','N2','MO','Stage IIIA');
INSERT INTO tnmStage(listID, t_code, n_code, m_code, stage) VALUES(50, 'T3','N1','MO','Stage IIIA');
INSERT INTO tnmStage(listID, t_code, n_code, m_code, stage) VALUES(50, 'T3','N2','MO','Stage IIIA');
INSERT INTO tnmStage(listID, t_code, n_code, m_code, stage) VALUES(50, 'T4','N0','MO','Stage IIIA');
INSERT INTO tnmStage(listID, t_code, n_code, m_code, stage) VALUES(50, 'T4','N1','MO','Stage IIIA');
INSERT INTO tnmStage(listID, t_code, n_code, m_code, stage) VALUES(50, 'T4','N2','MO','Stage IIIB');
INSERT INTO tnmStage(listID, t_code, n_code, m_code, stage) VALUES(50, 'Any T','N3','MO','Stage IIIB');
INSERT INTO tnmStage(listID, t_code, n_code, m_code, stage) VALUES(50, 'Any T','Any N','M1a','Stage IV');
INSERT INTO tnmStage(listID, t_code, n_code, m_code, stage) VALUES(50, 'Any T','Any N','M1b','Stage IV');


INSERT INTO tnmT(listID, code, description) VALUES(70, 'TX','Primary tumor cannot be assessed');
INSERT INTO tnmT(listID, code, description) VALUES(70, 'TO','No evidence of primary tumor');
INSERT INTO tnmT(listID, code, description) VALUES(70, 'Ta','Noninvasive papillary carcinoma');
INSERT INTO tnmT(listID, code, description) VALUES(70, 'Tis','Carcinoma in situ: "flat tumor"');
INSERT INTO tnmT(listID, code, description) VALUES(70, 'T1','Tumor invades subepithelial connective tissue');
INSERT INTO tnmT(listID, code, description) VALUES(70, 'T2','Tumor invades muscularis propria');
--INSERT INTO tnmT(listID, code, description) VALUES(70, 'pT2a','Tumor invades superficial muscularis propria (inner half)');
--INSERT INTO tnmT(listID, code, description) VALUES(70, 'pT2b','Tumor invades deep muscularis propria (outer half)');
INSERT INTO tnmT(listID, code, description) VALUES(70, 'T3','Tumor invades perivesical tissue');
--INSERT INTO tnmT(listID, code, description) VALUES(70, 'pT3a','Microscopically');
--INSERT INTO tnmT(listID, code, description) VALUES(70, 'pT3b',' Macroscopically (extravesical mass) .');
INSERT INTO tnmT(listID, code, description) VALUES(70, 'T4','Tumor invades any of the following: prostatic stroma, seminal vesicles, uterus, vagina, pelvic wall, abdominal wall');
INSERT INTO tnmT(listID, code, description) VALUES(70, 'T4a','Tumor invades prostatic stroma, uterus, vagina');
INSERT INTO tnmT(listID, code, description) VALUES(70, 'T4b','Tumor invades pelvic wall, abdominal wall');

INSERT INTO tnmN(listID, code, description) VALUES(70, 'NX',' Lymph nodes cannot be assessed');
INSERT INTO tnmN(listID, code, description) VALUES(70, 'N0','No lymph node metastasis');
INSERT INTO tnmN(listID, code, description) VALUES(70, 'N1','Single regional lymph node metastasis in the true pelvis (hypogastric, obturator, external iliac, or presacral lymph node)');
INSERT INTO tnmN(listID, code, description) VALUES(70, 'N2','Multiple regional lymph node metastasis in the true pelvis (hypogastric, obturator, external iliac, or presacral lymph node metastasis)');
INSERT INTO tnmN(listID, code, description) VALUES(70, 'N3','Lymph node metastasis to the common iliac lymph nodes');

INSERT INTO tnmM(listID, code, description) VALUES(70, 'M0','No distant metastasis');
INSERT INTO tnmM(listID, code, description) VALUES(70, 'M1','Distant metastasis');

INSERT INTO tnmStage(listID, t_code, n_code, m_code, stage) VALUES(70, 'Ta','N0','M0','Stage 0a');
INSERT INTO tnmStage(listID, t_code, n_code, m_code, stage) VALUES(70, 'Tis','N0','M0','Stage 0is');
INSERT INTO tnmStage(listID, t_code, n_code, m_code, stage) VALUES(70, 'T1','N0','M0','Stage I');
INSERT INTO tnmStage(listID, t_code, n_code, m_code, stage) VALUES(70, 'T2a','N0','M0','Stage II');
INSERT INTO tnmStage(listID, t_code, n_code, m_code, stage) VALUES(70, 'T2b','N0','M0','Stage II');
INSERT INTO tnmStage(listID, t_code, n_code, m_code, stage) VALUES(70, 'T3a','N0','M0','Stage III');
INSERT INTO tnmStage(listID, t_code, n_code, m_code, stage) VALUES(70, 'T3b','N0','M0','Stage III');
INSERT INTO tnmStage(listID, t_code, n_code, m_code, stage) VALUES(70, 'T4a','N0','M0','Stage III');
INSERT INTO tnmStage(listID, t_code, n_code, m_code, stage) VALUES(70, 'T4b','N0','M0','Stage IV');
INSERT INTO tnmStage(listID, t_code, n_code, m_code, stage) VALUES(70, 'Any T','N1','M0','Stage IV');
INSERT INTO tnmStage(listID, t_code, n_code, m_code, stage) VALUES(70, 'Any T','N2','M0','Stage IV');
INSERT INTO tnmStage(listID, t_code, n_code, m_code, stage) VALUES(70, 'Any T','N3','M0','Stage IV');
INSERT INTO tnmStage(listID, t_code, n_code, m_code, stage) VALUES(70, 'Any T','Any N','M1','');


create table ECOGTCGroup(GroupId INTEGER, title TEXT);
INSERT INTO ECOGTCGroup(GroupId, title) VALUES(100,'Leukopenia');
INSERT INTO ECOGTCGroup(GroupId, title) VALUES(110,'Thrombocytopenia');
INSERT INTO ECOGTCGroup(GroupId, title) VALUES(120,'Anemia');
INSERT INTO ECOGTCGroup(GroupId, title) VALUES(130,'Hemorrhage (Clinical)');
INSERT INTO ECOGTCGroup(GroupId, title) VALUES(140,'Infection');
INSERT INTO ECOGTCGroup(GroupId, title) VALUES(150,'Fever in absence of infection');
INSERT INTO ECOGTCGroup(GroupId, title) VALUES(160,'GU');
INSERT INTO ECOGTCGroup(GroupId, title) VALUES(170,'GI');
INSERT INTO ECOGTCGroup(GroupId, title) VALUES(180,'Liver');
INSERT INTO ECOGTCGroup(GroupId, title) VALUES(190,'Pulmonary');
INSERT INTO ECOGTCGroup(GroupId, title) VALUES(200,'Cardiac');
INSERT INTO ECOGTCGroup(GroupId, title) VALUES(210,'Blood Pressure');
INSERT INTO ECOGTCGroup(GroupId, title) VALUES(220,'Skin');
INSERT INTO ECOGTCGroup(GroupId, title) VALUES(230,'Allergy');
INSERT INTO ECOGTCGroup(GroupId, title) VALUES(240,'Phlebitis');
INSERT INTO ECOGTCGroup(GroupId, title) VALUES(250,'Local');
INSERT INTO ECOGTCGroup(GroupId, title) VALUES(260,'Alopecia');
INSERT INTO ECOGTCGroup(GroupId, title) VALUES(270,'Weight gain/loss');
INSERT INTO ECOGTCGroup(GroupId, title) VALUES(280,'Neurologic Sensory');
INSERT INTO ECOGTCGroup(GroupId, title) VALUES(290,'Neurologic Motor');
INSERT INTO ECOGTCGroup(GroupId, title) VALUES(300,'Neurologic Psych');
INSERT INTO ECOGTCGroup(GroupId, title) VALUES(310,'Neurologic Clinical');
INSERT INTO ECOGTCGroup(GroupId, title) VALUES(320,'Metabolic');
INSERT INTO ECOGTCGroup(GroupId, title) VALUES(330,'Coagulation');

create table ECOGTCSubGroup(SubGroupId INTEGER, GroupId INTEGER, title TEXT);
INSERT INTO ECOGTCSubGroup(SubGroupId, GroupId, title) VALUES(10,100,'WBC x 10^^^');
INSERT INTO ECOGTCSubGroup(SubGroupId, GroupId, title) VALUES(11,100,'Granulocytes/Bands');
INSERT INTO ECOGTCSubGroup(SubGroupId, GroupId, title) VALUES(12,100,'Lymphocytes');
INSERT INTO ECOGTCSubGroup(SubGroupId, GroupId, title) VALUES(13,110,'Plt x 10^^^');
INSERT INTO ECOGTCSubGroup(SubGroupId, GroupId, title) VALUES(14,120,'Hgb');
INSERT INTO ECOGTCSubGroup(SubGroupId, GroupId, title) VALUES(15,130,'Hemorrhage (Clinical)');
INSERT INTO ECOGTCSubGroup(SubGroupId, GroupId, title) VALUES(16,140,'Infection');
INSERT INTO ECOGTCSubGroup(SubGroupId, GroupId, title) VALUES(17,150,'Fever in absence of infection');
INSERT INTO ECOGTCSubGroup(SubGroupId, GroupId, title) VALUES(18,160,'Creatinine');
INSERT INTO ECOGTCSubGroup(SubGroupId, GroupId, title) VALUES(19,160,'Proteinuria');
INSERT INTO ECOGTCSubGroup(SubGroupId, GroupId, title) VALUES(20,160,'Hematuria');
INSERT INTO ECOGTCSubGroup(SubGroupId, GroupId, title) VALUES(21,160,'BUN');
INSERT INTO ECOGTCSubGroup(SubGroupId, GroupId, title) VALUES(22,170,'Nausea');
INSERT INTO ECOGTCSubGroup(SubGroupId, GroupId, title) VALUES(23,170,'Vomiting');
INSERT INTO ECOGTCSubGroup(SubGroupId, GroupId, title) VALUES(24,170,'Diarrhea');
INSERT INTO ECOGTCSubGroup(SubGroupId, GroupId, title) VALUES(25,170,'Stomatitis');
INSERT INTO ECOGTCSubGroup(SubGroupId, GroupId, title) VALUES(26,180,'Bilirubin');
INSERT INTO ECOGTCSubGroup(SubGroupId, GroupId, title) VALUES(27,180,'Transaminase (SGOT, SGPT)');
INSERT INTO ECOGTCSubGroup(SubGroupId, GroupId, title) VALUES(28,180,'Alk Phos or 5''nucleotidase');
INSERT INTO ECOGTCSubGroup(SubGroupId, GroupId, title) VALUES(29,180,'Liver - clinical');
INSERT INTO ECOGTCSubGroup(SubGroupId, GroupId, title) VALUES(30,190,'Pulmonary');
INSERT INTO ECOGTCSubGroup(SubGroupId, GroupId, title) VALUES(31,200,'Cardiac dysrhythmias');
INSERT INTO ECOGTCSubGroup(SubGroupId, GroupId, title) VALUES(32,200,'Cardiac function');
INSERT INTO ECOGTCSubGroup(SubGroupId, GroupId, title) VALUES(33,200,'Cardiac—ischemia');
INSERT INTO ECOGTCSubGroup(SubGroupId, GroupId, title) VALUES(34,200,'Cardiac –pericardial');
INSERT INTO ECOGTCSubGroup(SubGroupId, GroupId, title) VALUES(35,210,'Hypertension');
INSERT INTO ECOGTCSubGroup(SubGroupId, GroupId, title) VALUES(36,210,'Hypotension');
INSERT INTO ECOGTCSubGroup(SubGroupId, GroupId, title) VALUES(37,220,'Skin');
INSERT INTO ECOGTCSubGroup(SubGroupId, GroupId, title) VALUES(38,230,'Allergy');
INSERT INTO ECOGTCSubGroup(SubGroupId, GroupId, title) VALUES(39,240,'Phlebitis');
INSERT INTO ECOGTCSubGroup(SubGroupId, GroupId, title) VALUES(40,250,'Local');
INSERT INTO ECOGTCSubGroup(SubGroupId, GroupId, title) VALUES(41,260,'Alopecia');
INSERT INTO ECOGTCSubGroup(SubGroupId, GroupId, title) VALUES(42,270,'Weight gain/loss');
INSERT INTO ECOGTCSubGroup(SubGroupId, GroupId, title) VALUES(43,280,'neuro—sensory');
INSERT INTO ECOGTCSubGroup(SubGroupId, GroupId, title) VALUES(44,280,'neuro—vision');
INSERT INTO ECOGTCSubGroup(SubGroupId, GroupId, title) VALUES(45,280,'neuro—haering');
INSERT INTO ECOGTCSubGroup(SubGroupId, GroupId, title) VALUES(46,290,'neuro—motor');
INSERT INTO ECOGTCSubGroup(SubGroupId, GroupId, title) VALUES(47,290,'neuro—constipation');
INSERT INTO ECOGTCSubGroup(SubGroupId, GroupId, title) VALUES(48,300,'neuro—mood');
INSERT INTO ECOGTCSubGroup(SubGroupId, GroupId, title) VALUES(49,310,'neuro—cortical');
INSERT INTO ECOGTCSubGroup(SubGroupId, GroupId, title) VALUES(50,310,'neuro—cerebellar');
INSERT INTO ECOGTCSubGroup(SubGroupId, GroupId, title) VALUES(51,310,'neuro—headache');
INSERT INTO ECOGTCSubGroup(SubGroupId, GroupId, title) VALUES(52,320,'Hyperglycemia');
INSERT INTO ECOGTCSubGroup(SubGroupId, GroupId, title) VALUES(53,320,'Hypoglycemia');
INSERT INTO ECOGTCSubGroup(SubGroupId, GroupId, title) VALUES(54,320,'Amylase');
INSERT INTO ECOGTCSubGroup(SubGroupId, GroupId, title) VALUES(55,320,'Hypercalcemia');
INSERT INTO ECOGTCSubGroup(SubGroupId, GroupId, title) VALUES(56,320,'Hypocalcemia');
INSERT INTO ECOGTCSubGroup(SubGroupId, GroupId, title) VALUES(57,320,'Hypomagnesemia');
INSERT INTO ECOGTCSubGroup(SubGroupId, GroupId, title) VALUES(58,330,'Fibrinogen');
INSERT INTO ECOGTCSubGroup(SubGroupId, GroupId, title) VALUES(59,330,'Prothrombin time');
INSERT INTO ECOGTCSubGroup(SubGroupId, GroupId, title) VALUES(60,330,'Partial thromboplastin time');



create table ECOGTCOptions(SubGroupId INTEGER, title TEXT, grade INTEGER);
INSERT INTO ECOGTCOptions(SubGroupId, title, grade) VALUES(10,'>= 4.0',0);
INSERT INTO ECOGTCOptions(SubGroupId, title, grade) VALUES(11,'>= 2.0',0);
INSERT INTO ECOGTCOptions(SubGroupId, title, grade) VALUES(12,'>= 2.0',0);
INSERT INTO ECOGTCOptions(SubGroupId, title, grade) VALUES(13,'WNL',0);
INSERT INTO ECOGTCOptions(SubGroupId, title, grade) VALUES(14,'WNL',0);
INSERT INTO ECOGTCOptions(SubGroupId, title, grade) VALUES(15,'none',0);
INSERT INTO ECOGTCOptions(SubGroupId, title, grade) VALUES(16,'none',0);
INSERT INTO ECOGTCOptions(SubGroupId, title, grade) VALUES(17,'none',0);
INSERT INTO ECOGTCOptions(SubGroupId, title, grade) VALUES(18,'WNL',0);
INSERT INTO ECOGTCOptions(SubGroupId, title, grade) VALUES(19,'No Change',0);
INSERT INTO ECOGTCOptions(SubGroupId, title, grade) VALUES(20,'neg',0);
INSERT INTO ECOGTCOptions(SubGroupId, title, grade) VALUES(21,'< 1.5 x N',0);
INSERT INTO ECOGTCOptions(SubGroupId, title, grade) VALUES(22,'none',0);
INSERT INTO ECOGTCOptions(SubGroupId, title, grade) VALUES(23,'none',0);
INSERT INTO ECOGTCOptions(SubGroupId, title, grade) VALUES(24,'none',0);
INSERT INTO ECOGTCOptions(SubGroupId, title, grade) VALUES(25,'none',0);
INSERT INTO ECOGTCOptions(SubGroupId, title, grade) VALUES(26,'WNL',0);
INSERT INTO ECOGTCOptions(SubGroupId, title, grade) VALUES(27,'WNL',0);
INSERT INTO ECOGTCOptions(SubGroupId, title, grade) VALUES(28,'WNL',0);
INSERT INTO ECOGTCOptions(SubGroupId, title, grade) VALUES(29,'no change from baseline',0);
INSERT INTO ECOGTCOptions(SubGroupId, title, grade) VALUES(30,'none or no change',0);
INSERT INTO ECOGTCOptions(SubGroupId, title, grade) VALUES(31,'none',0);
INSERT INTO ECOGTCOptions(SubGroupId, title, grade) VALUES(32,'none',0);
INSERT INTO ECOGTCOptions(SubGroupId, title, grade) VALUES(33,'none',0);
INSERT INTO ECOGTCOptions(SubGroupId, title, grade) VALUES(34,'none',0);
INSERT INTO ECOGTCOptions(SubGroupId, title, grade) VALUES(35,'none or no change',0);
INSERT INTO ECOGTCOptions(SubGroupId, title, grade) VALUES(36,'none or no change',0);
INSERT INTO ECOGTCOptions(SubGroupId, title, grade) VALUES(37,'none or no change',0);
INSERT INTO ECOGTCOptions(SubGroupId, title, grade) VALUES(38,'none',0);
INSERT INTO ECOGTCOptions(SubGroupId, title, grade) VALUES(39,'none',0);
INSERT INTO ECOGTCOptions(SubGroupId, title, grade) VALUES(40,'none',0);
INSERT INTO ECOGTCOptions(SubGroupId, title, grade) VALUES(41,'no loss',0);
INSERT INTO ECOGTCOptions(SubGroupId, title, grade) VALUES(42,'< 5.0%',0);
INSERT INTO ECOGTCOptions(SubGroupId, title, grade) VALUES(43,'none or no change',0);
INSERT INTO ECOGTCOptions(SubGroupId, title, grade) VALUES(44,'none or no change',0);
INSERT INTO ECOGTCOptions(SubGroupId, title, grade) VALUES(45,'none or no change',0);
INSERT INTO ECOGTCOptions(SubGroupId, title, grade) VALUES(46,'none or no change',0);
INSERT INTO ECOGTCOptions(SubGroupId, title, grade) VALUES(47,'none or no change',0);
INSERT INTO ECOGTCOptions(SubGroupId, title, grade) VALUES(48,'No Change',0);
INSERT INTO ECOGTCOptions(SubGroupId, title, grade) VALUES(49,'none',0);
INSERT INTO ECOGTCOptions(SubGroupId, title, grade) VALUES(50,'none',0);
INSERT INTO ECOGTCOptions(SubGroupId, title, grade) VALUES(51,'none',0);
INSERT INTO ECOGTCOptions(SubGroupId, title, grade) VALUES(52,'<116',0);
INSERT INTO ECOGTCOptions(SubGroupId, title, grade) VALUES(53,'>64',0);
INSERT INTO ECOGTCOptions(SubGroupId, title, grade) VALUES(54,'WNL',0);
INSERT INTO ECOGTCOptions(SubGroupId, title, grade) VALUES(55,'<10.6',0);
INSERT INTO ECOGTCOptions(SubGroupId, title, grade) VALUES(56,'>8.4',0);
INSERT INTO ECOGTCOptions(SubGroupId, title, grade) VALUES(57,'>1.4',0);
INSERT INTO ECOGTCOptions(SubGroupId, title, grade) VALUES(58,'WNL',0);
INSERT INTO ECOGTCOptions(SubGroupId, title, grade) VALUES(59,'WNL',0);
INSERT INTO ECOGTCOptions(SubGroupId, title, grade) VALUES(60,'WNL',0);
INSERT INTO ECOGTCOptions(SubGroupId, title, grade) VALUES(10,'3.0 – 3.9',1);
INSERT INTO ECOGTCOptions(SubGroupId, title, grade) VALUES(11,'1.5 – 1.9',1);
INSERT INTO ECOGTCOptions(SubGroupId, title, grade) VALUES(12,'1.5 – 1.9',1);
INSERT INTO ECOGTCOptions(SubGroupId, title, grade) VALUES(13,'75.0 – normal',1);
INSERT INTO ECOGTCOptions(SubGroupId, title, grade) VALUES(14,'10.0 – normal',1);
INSERT INTO ECOGTCOptions(SubGroupId, title, grade) VALUES(15,'mild, no transfusion',1);
INSERT INTO ECOGTCOptions(SubGroupId, title, grade) VALUES(16,'mild, no active Rx',1);
INSERT INTO ECOGTCOptions(SubGroupId, title, grade) VALUES(17,'37.1^degC - 38.0^degC ^nl98.7^degF- 100.4^degF',1);
INSERT INTO ECOGTCOptions(SubGroupId, title, grade) VALUES(18,'< 1.5 x N',1);
INSERT INTO ECOGTCOptions(SubGroupId, title, grade) VALUES(19,'1+ or <0.3g% or <3g/l',1);
INSERT INTO ECOGTCOptions(SubGroupId, title, grade) VALUES(20,'micro only',1);
INSERT INTO ECOGTCOptions(SubGroupId, title, grade) VALUES(21,'1.5 - 2.5 x N',1);
INSERT INTO ECOGTCOptions(SubGroupId, title, grade) VALUES(22,'able to eat reasonable intake',1);
INSERT INTO ECOGTCOptions(SubGroupId, title, grade) VALUES(23,'1 episode in 24 hours',1);
INSERT INTO ECOGTCOptions(SubGroupId, title, grade) VALUES(24,'increase of 2-3 stools/day over pre-Rx',1);
INSERT INTO ECOGTCOptions(SubGroupId, title, grade) VALUES(25,'painless ulcers, erythema, or mild soreness',1);
INSERT INTO ECOGTCOptions(SubGroupId, title, grade) VALUES(27,'<= 2.5xN',1);
INSERT INTO ECOGTCOptions(SubGroupId, title, grade) VALUES(28,'<= 2.5xN',1);
INSERT INTO ECOGTCOptions(SubGroupId, title, grade) VALUES(30,'asymptomatic, with abnormality in PFTs',1);
INSERT INTO ECOGTCOptions(SubGroupId, title, grade) VALUES(31,'asymptomatic, transient, requiring no therapy',1);
INSERT INTO ECOGTCOptions(SubGroupId, title, grade) VALUES(32,'asymptomatic, decline of resting ejection fraction by less than 20% of baseline value',1);
INSERT INTO ECOGTCOptions(SubGroupId, title, grade) VALUES(33,'non-specific T-wave flattening',1);
INSERT INTO ECOGTCOptions(SubGroupId, title, grade) VALUES(34,'asymptomatic effusion, no intervension required',1);
INSERT INTO ECOGTCOptions(SubGroupId, title, grade) VALUES(35,'asymptomatic, transient increase by >20 mm Hg(D) or to >150/100 if previously WNL. No treatment required',1);
INSERT INTO ECOGTCOptions(SubGroupId, title, grade) VALUES(36,'changes requiring no therapy (including transient orthostatic hypotension)',1);
INSERT INTO ECOGTCOptions(SubGroupId, title, grade) VALUES(37,'scattered macular or papular eruption or erythema that is asymptomatic',1);
INSERT INTO ECOGTCOptions(SubGroupId, title, grade) VALUES(38,'transient rash, drug fever < 38ºC, 100.4ºF',1);
INSERT INTO ECOGTCOptions(SubGroupId, title, grade) VALUES(39,'arm',1);
INSERT INTO ECOGTCOptions(SubGroupId, title, grade) VALUES(40,'pain',1);
INSERT INTO ECOGTCOptions(SubGroupId, title, grade) VALUES(41,'mild hair loss',1);
INSERT INTO ECOGTCOptions(SubGroupId, title, grade) VALUES(42,'5.0 - 9.9%',1);
INSERT INTO ECOGTCOptions(SubGroupId, title, grade) VALUES(43,'mild paresthesias; loss of deep tendon reflexes',1);
INSERT INTO ECOGTCOptions(SubGroupId, title, grade) VALUES(45,'asymptomatic, hearing loss on audiometry only',1);
INSERT INTO ECOGTCOptions(SubGroupId, title, grade) VALUES(46,'subjective weakness; no objective findings',1);
INSERT INTO ECOGTCOptions(SubGroupId, title, grade) VALUES(47,'mild',1);
INSERT INTO ECOGTCOptions(SubGroupId, title, grade) VALUES(48,'mild anxiety or depression',1);
INSERT INTO ECOGTCOptions(SubGroupId, title, grade) VALUES(49,'mild somnolence or agitation',1);
INSERT INTO ECOGTCOptions(SubGroupId, title, grade) VALUES(50,'slight incoordination, dysdiadockinesis',1);
INSERT INTO ECOGTCOptions(SubGroupId, title, grade) VALUES(51,'mild',1);
INSERT INTO ECOGTCOptions(SubGroupId, title, grade) VALUES(52,'116 - 160 ',1);
INSERT INTO ECOGTCOptions(SubGroupId, title, grade) VALUES(53,'55-64 ',1);
INSERT INTO ECOGTCOptions(SubGroupId, title, grade) VALUES(54,'<1.5xN ',1);
INSERT INTO ECOGTCOptions(SubGroupId, title, grade) VALUES(55,'10.6 - 11.5 ',1);
INSERT INTO ECOGTCOptions(SubGroupId, title, grade) VALUES(56,'8.4 - 7.8 ',1);
INSERT INTO ECOGTCOptions(SubGroupId, title, grade) VALUES(57,'1.4 - 1.2',1);
INSERT INTO ECOGTCOptions(SubGroupId, title, grade) VALUES(58,'0.99-0.75xN ',1);
INSERT INTO ECOGTCOptions(SubGroupId, title, grade) VALUES(59,'1.01-1.25xN',1);
INSERT INTO ECOGTCOptions(SubGroupId, title, grade) VALUES(60,'1.01-1.66xN',1);
INSERT INTO ECOGTCOptions(SubGroupId, title, grade) VALUES(10,'2.0 – 2.9',2);
INSERT INTO ECOGTCOptions(SubGroupId, title, grade) VALUES(11,'1.0 – 1.4',2);
INSERT INTO ECOGTCOptions(SubGroupId, title, grade) VALUES(12,'1.0 – 1.4',2);
INSERT INTO ECOGTCOptions(SubGroupId, title, grade) VALUES(13,'50.0 – 74.9',2);
INSERT INTO ECOGTCOptions(SubGroupId, title, grade) VALUES(14,'8.0 – 10.0',2);
INSERT INTO ECOGTCOptions(SubGroupId, title, grade) VALUES(15,'gross, 1-2 units transfusion/episode',2);
INSERT INTO ECOGTCOptions(SubGroupId, title, grade) VALUES(16,'Moderate, localized infection requires active Rx',2);
INSERT INTO ECOGTCOptions(SubGroupId, title, grade) VALUES(17,'38.1^degC - 40.0^degC ^nl100.5^degF - 104.0^degF',2);
INSERT INTO ECOGTCOptions(SubGroupId, title, grade) VALUES(18,'1.5 - 3.0 x N',2);
INSERT INTO ECOGTCOptions(SubGroupId, title, grade) VALUES(19,'2-3+ or 0.3 - 1.0g% or 3 - 10g/l',2);
INSERT INTO ECOGTCOptions(SubGroupId, title, grade) VALUES(20,'gross, no clots',2);
INSERT INTO ECOGTCOptions(SubGroupId, title, grade) VALUES(21,'2.6 - 5 x N',2);
INSERT INTO ECOGTCOptions(SubGroupId, title, grade) VALUES(22,'intake significantly decreased but can eat',2);
INSERT INTO ECOGTCOptions(SubGroupId, title, grade) VALUES(23,'2-5 episodes in 24 hours',2);
INSERT INTO ECOGTCOptions(SubGroupId, title, grade) VALUES(24,'increase of 4-6 stools/day, or nocturnal stools, or moderate cramping',2);
INSERT INTO ECOGTCOptions(SubGroupId, title, grade) VALUES(25,'painful erythema, edema, or ulcers, but can eat',2);
INSERT INTO ECOGTCOptions(SubGroupId, title, grade) VALUES(26,'<1.5 x N',2);
INSERT INTO ECOGTCOptions(SubGroupId, title, grade) VALUES(27,'2.6 - 5.0 x N',2);
INSERT INTO ECOGTCOptions(SubGroupId, title, grade) VALUES(28,'2.6 - 5.0 x N',2);
INSERT INTO ECOGTCOptions(SubGroupId, title, grade) VALUES(30,'dyspnea on significant exertion',2);
INSERT INTO ECOGTCOptions(SubGroupId, title, grade) VALUES(31,'recurrent or persistent, no therapy required',2);
INSERT INTO ECOGTCOptions(SubGroupId, title, grade) VALUES(32,'asymptomatic, decline of resting ejection fraction by more than 20% of baseline value',2);
INSERT INTO ECOGTCOptions(SubGroupId, title, grade) VALUES(33,'asymptomatic, ST and T wave changes suggesting ischemia',2);
INSERT INTO ECOGTCOptions(SubGroupId, title, grade) VALUES(34,'pericarditis (rub, chest pain, ECG changes)',2);
INSERT INTO ECOGTCOptions(SubGroupId, title, grade) VALUES(35,'recurrent or persistent increase by >20 mm Hg',2);
INSERT INTO ECOGTCOptions(SubGroupId, title, grade) VALUES(36,'requires fluid replacement or other therapy but not hospitalization',2);
INSERT INTO ECOGTCOptions(SubGroupId, title, grade) VALUES(37,'scattered macular or papular eruption or erythema with pruritus or other associated symptoms',2);
INSERT INTO ECOGTCOptions(SubGroupId, title, grade) VALUES(38,'urticaria, drug fever $ 38EC, 100.4EF, mild bronchospasm',2);
INSERT INTO ECOGTCOptions(SubGroupId, title, grade) VALUES(39,'thrombophlebitis, leg',2);
INSERT INTO ECOGTCOptions(SubGroupId, title, grade) VALUES(40,'pain and swelling, with inflammation or phlebitis',2);
INSERT INTO ECOGTCOptions(SubGroupId, title, grade) VALUES(41,'pronounced or total hair loss',2);
INSERT INTO ECOGTCOptions(SubGroupId, title, grade) VALUES(42,'10.0 - 19.9%',2);
INSERT INTO ECOGTCOptions(SubGroupId, title, grade) VALUES(43,'mild or moderate objective sensory loss; moderate paresthesias',2);
INSERT INTO ECOGTCOptions(SubGroupId, title, grade) VALUES(45,'tinnitus',2);
INSERT INTO ECOGTCOptions(SubGroupId, title, grade) VALUES(46,'mild objective weakness without significant impairment of function',2);
INSERT INTO ECOGTCOptions(SubGroupId, title, grade) VALUES(47,'moderate',2);
INSERT INTO ECOGTCOptions(SubGroupId, title, grade) VALUES(48,'moderate anxiety or depression',2);
INSERT INTO ECOGTCOptions(SubGroupId, title, grade) VALUES(49,'moderate somnolence or agitation',2);
INSERT INTO ECOGTCOptions(SubGroupId, title, grade) VALUES(50,'intention tremor, dysmetria, slurred speech, nystagmus',2);
INSERT INTO ECOGTCOptions(SubGroupId, title, grade) VALUES(51,'moderate or severe but transient',2);
INSERT INTO ECOGTCOptions(SubGroupId, title, grade) VALUES(52,'161 - 250 ',2);
INSERT INTO ECOGTCOptions(SubGroupId, title, grade) VALUES(53,'40-54 ',2);
INSERT INTO ECOGTCOptions(SubGroupId, title, grade) VALUES(54,'1.5-2.0xN ',2);
INSERT INTO ECOGTCOptions(SubGroupId, title, grade) VALUES(55,'11.6 - 12.5 ',2);
INSERT INTO ECOGTCOptions(SubGroupId, title, grade) VALUES(56,'7.7 - 7.0',2);
INSERT INTO ECOGTCOptions(SubGroupId, title, grade) VALUES(57,'1.1 - 0.9',2);
INSERT INTO ECOGTCOptions(SubGroupId, title, grade) VALUES(58,'0.74-0.50xN ',2);
INSERT INTO ECOGTCOptions(SubGroupId, title, grade) VALUES(59,'1.26-1.50xN',2);
INSERT INTO ECOGTCOptions(SubGroupId, title, grade) VALUES(60,'1.67-2.33xN',2);
INSERT INTO ECOGTCOptions(SubGroupId, title, grade) VALUES(10,'1.0 – 2.9',3);
INSERT INTO ECOGTCOptions(SubGroupId, title, grade) VALUES(11,'0.5 – 0.9',3);
INSERT INTO ECOGTCOptions(SubGroupId, title, grade) VALUES(12,'0.5 – 0.9',3);
INSERT INTO ECOGTCOptions(SubGroupId, title, grade) VALUES(13,'25.0 – 49.9',3);
INSERT INTO ECOGTCOptions(SubGroupId, title, grade) VALUES(14,'6.5 – 7.9',3);
INSERT INTO ECOGTCOptions(SubGroupId, title, grade) VALUES(15,'gross, 3-4 units transfusion/episode',3);
INSERT INTO ECOGTCOptions(SubGroupId, title, grade) VALUES(16,'severe, systemic infection requires active Rx, specify site',3);
INSERT INTO ECOGTCOptions(SubGroupId, title, grade) VALUES(17,'> 40.0^degC (> 104.0^degF) for less than 24 hours',3);
INSERT INTO ECOGTCOptions(SubGroupId, title, grade) VALUES(18,'3.1-6.0xN',3);
INSERT INTO ECOGTCOptions(SubGroupId, title, grade) VALUES(19,'4+ or >1.0g% or >10g/l',3);
INSERT INTO ECOGTCOptions(SubGroupId, title, grade) VALUES(20,'gross + clots',3);
INSERT INTO ECOGTCOptions(SubGroupId, title, grade) VALUES(21,'5.1-10xN',3);
INSERT INTO ECOGTCOptions(SubGroupId, title, grade) VALUES(22,'no significant intake',3);
INSERT INTO ECOGTCOptions(SubGroupId, title, grade) VALUES(23,'6-10 episodes in 24 hours',3);
INSERT INTO ECOGTCOptions(SubGroupId, title, grade) VALUES(24,'increase of 7-9 stools/day or incontinence, or severe cramping',3);
INSERT INTO ECOGTCOptions(SubGroupId, title, grade) VALUES(25,'painful erythema, edema or ulcers, and cannot eat',3);
INSERT INTO ECOGTCOptions(SubGroupId, title, grade) VALUES(26,'1.5-3.0xN',3);
INSERT INTO ECOGTCOptions(SubGroupId, title, grade) VALUES(27,'5.1-20.0xN',3);
INSERT INTO ECOGTCOptions(SubGroupId, title, grade) VALUES(28,'5.1-20.0xN',3);
INSERT INTO ECOGTCOptions(SubGroupId, title, grade) VALUES(29,'precoma',3);
INSERT INTO ECOGTCOptions(SubGroupId, title, grade) VALUES(30,'dyspnea at normal level of activity',3);
INSERT INTO ECOGTCOptions(SubGroupId, title, grade) VALUES(31,'requires treatment',3);
INSERT INTO ECOGTCOptions(SubGroupId, title, grade) VALUES(32,'mild CHF, responsive to therapy',3);
INSERT INTO ECOGTCOptions(SubGroupId, title, grade) VALUES(33,'angina without evidence for infarction',3);
INSERT INTO ECOGTCOptions(SubGroupId, title, grade) VALUES(34,'symptomatic effusion; drainage required',3);
INSERT INTO ECOGTCOptions(SubGroupId, title, grade) VALUES(35,'requires therapy',3);
INSERT INTO ECOGTCOptions(SubGroupId, title, grade) VALUES(36,'requires therapy and hospitalization; resolves within 48 hours of stopping the agent',3);
INSERT INTO ECOGTCOptions(SubGroupId, title, grade) VALUES(37,'generalized symptomatic macular, papular or vesicular eruption',3);
INSERT INTO ECOGTCOptions(SubGroupId, title, grade) VALUES(38,'serum sickness, bronchospasm, requires parenteral meds',3);
INSERT INTO ECOGTCOptions(SubGroupId, title, grade) VALUES(39,'hospitalization',3);
INSERT INTO ECOGTCOptions(SubGroupId, title, grade) VALUES(40,'ulceration',3);
INSERT INTO ECOGTCOptions(SubGroupId, title, grade) VALUES(42,'>= 20%',3);
INSERT INTO ECOGTCOptions(SubGroupId, title, grade) VALUES(43,'severe objective sensory loss or paresthesias that interfere with function',3);
INSERT INTO ECOGTCOptions(SubGroupId, title, grade) VALUES(44,'symptomatic subtotal loss of vision',3);
INSERT INTO ECOGTCOptions(SubGroupId, title, grade) VALUES(45,'hearing loss interfering with function but correct- able with hearing aid',3);
INSERT INTO ECOGTCOptions(SubGroupId, title, grade) VALUES(46,'objective weakness with impairment of function',3);
INSERT INTO ECOGTCOptions(SubGroupId, title, grade) VALUES(47,'severe',3);
INSERT INTO ECOGTCOptions(SubGroupId, title, grade) VALUES(48,'severe anxiety or depression',3);
INSERT INTO ECOGTCOptions(SubGroupId, title, grade) VALUES(49,'severe somnolence, agitation, confusion, disorientation or hallucinations',3);
INSERT INTO ECOGTCOptions(SubGroupId, title, grade) VALUES(50,'locomotor ataxia',3);
INSERT INTO ECOGTCOptions(SubGroupId, title, grade) VALUES(51,'unrelenting and severe',3);
INSERT INTO ECOGTCOptions(SubGroupId, title, grade) VALUES(52,'251 - 500 ',3);
INSERT INTO ECOGTCOptions(SubGroupId, title, grade) VALUES(53,'30-39 ',3);
INSERT INTO ECOGTCOptions(SubGroupId, title, grade) VALUES(54,'2.1-5.0xN ',3);
INSERT INTO ECOGTCOptions(SubGroupId, title, grade) VALUES(55,'12.6 - 13.5 ',3);
INSERT INTO ECOGTCOptions(SubGroupId, title, grade) VALUES(56,'6.9 - 6.1',3);
INSERT INTO ECOGTCOptions(SubGroupId, title, grade) VALUES(57,'0.8 - 0.6',3);
INSERT INTO ECOGTCOptions(SubGroupId, title, grade) VALUES(58,'0.49-0.25xN ',3);
INSERT INTO ECOGTCOptions(SubGroupId, title, grade) VALUES(59,'1.51-2.00xN',3);
INSERT INTO ECOGTCOptions(SubGroupId, title, grade) VALUES(60,'2.34-3.00xN',3);
INSERT INTO ECOGTCOptions(SubGroupId, title, grade) VALUES(10,'< 1.0',4);
INSERT INTO ECOGTCOptions(SubGroupId, title, grade) VALUES(11,'< 0.5',4);
INSERT INTO ECOGTCOptions(SubGroupId, title, grade) VALUES(12,'< 0.5',4);
INSERT INTO ECOGTCOptions(SubGroupId, title, grade) VALUES(13,'< 25.0',4);
INSERT INTO ECOGTCOptions(SubGroupId, title, grade) VALUES(14,'< 6.5',4);
INSERT INTO ECOGTCOptions(SubGroupId, title, grade) VALUES(15,'massive, >4 units transfusion/episode',4);
INSERT INTO ECOGTCOptions(SubGroupId, title, grade) VALUES(16,'life-threatening, sepsis, specify site',4);
INSERT INTO ECOGTCOptions(SubGroupId, title, grade) VALUES(17,'>40.0^degC (104.0^degF) for >24 hrs or fever with hypotension',4);
INSERT INTO ECOGTCOptions(SubGroupId, title, grade) VALUES(18,'>6.0 x N',4);
INSERT INTO ECOGTCOptions(SubGroupId, title, grade) VALUES(19,'nephrotic syndrome',4);
INSERT INTO ECOGTCOptions(SubGroupId, title, grade) VALUES(20,'requires transfusion',4);
INSERT INTO ECOGTCOptions(SubGroupId, title, grade) VALUES(21,'>10 x N',4);
INSERT INTO ECOGTCOptions(SubGroupId, title, grade) VALUES(23,'>10 episodes in 24 hrs or',4);
INSERT INTO ECOGTCOptions(SubGroupId, title, grade) VALUES(24,'increase of $10 stools/day or grossly bloody diarrhea, or need for parenteral support',4);
INSERT INTO ECOGTCOptions(SubGroupId, title, grade) VALUES(25,'requires parenteral or enteral support',4);
INSERT INTO ECOGTCOptions(SubGroupId, title, grade) VALUES(26,'>3.0 x N',4);
INSERT INTO ECOGTCOptions(SubGroupId, title, grade) VALUES(27,'>20.0 x N',4);
INSERT INTO ECOGTCOptions(SubGroupId, title, grade) VALUES(28,'>20.0 x N',4);
INSERT INTO ECOGTCOptions(SubGroupId, title, grade) VALUES(29,'hepatic coma',4);
INSERT INTO ECOGTCOptions(SubGroupId, title, grade) VALUES(30,'dyspnea at rest',4);
INSERT INTO ECOGTCOptions(SubGroupId, title, grade) VALUES(31,'requires monitoring, or',4);
INSERT INTO ECOGTCOptions(SubGroupId, title, grade) VALUES(32,'hypotension or ventricular tachycardia or fibrillation',4);
INSERT INTO ECOGTCOptions(SubGroupId, title, grade) VALUES(33,'acute myocardial infarction',4);
INSERT INTO ECOGTCOptions(SubGroupId, title, grade) VALUES(34,'tamponade; drainage urgently required',4);
INSERT INTO ECOGTCOptions(SubGroupId, title, grade) VALUES(35,'hypertensive crisis',4);
INSERT INTO ECOGTCOptions(SubGroupId, title, grade) VALUES(36,'requires therapy and hospitalization for >48 hours after stopping the agent',4);
INSERT INTO ECOGTCOptions(SubGroupId, title, grade) VALUES(37,'exfoliative dermatitis or ulcerating dermatitis',4);
INSERT INTO ECOGTCOptions(SubGroupId, title, grade) VALUES(38,'anaphylaxis',4);
INSERT INTO ECOGTCOptions(SubGroupId, title, grade) VALUES(39,'embolus',4);
INSERT INTO ECOGTCOptions(SubGroupId, title, grade) VALUES(40,'plastic surgery indicated',4);
INSERT INTO ECOGTCOptions(SubGroupId, title, grade) VALUES(44,'blindness',4);
INSERT INTO ECOGTCOptions(SubGroupId, title, grade) VALUES(45,'deafness, not correctable',4);
INSERT INTO ECOGTCOptions(SubGroupId, title, grade) VALUES(46,'paralysis',4);
INSERT INTO ECOGTCOptions(SubGroupId, title, grade) VALUES(47,'ileus >96 hours',4);
INSERT INTO ECOGTCOptions(SubGroupId, title, grade) VALUES(48,'suicidal ideation',4);
INSERT INTO ECOGTCOptions(SubGroupId, title, grade) VALUES(49,'coma, seizures, toxic psychosis',4);
INSERT INTO ECOGTCOptions(SubGroupId, title, grade) VALUES(50,'cerebellar necrosis',4);



create table PatientType(pk INTEGER PRIMARY KEY, title TEXT);
create table CancerType(pk INTEGER, PatientTypeId INTEGER, title TEXT);
create table SubCancerType1(pk INTEGER PRIMARY KEY, CancerTypeId INTEGER, title TEXT);
create table SubCancerType2(pk INTEGER PRIMARY KEY, SubCancerTypeId1 INTEGER, title TEXT);
create table RegimenDetail(pk INTEGER PRIMARY KEY, SubCancerTypeId2 INTEGER, disp_name TEXT, name TEXT, schedule TEXT, emetogenic_potential TEXT, reference TEXT, dosage_modifications TEXT, brand_names TEXT);

INSERT INTO SubCancerType2 (pk, SubCancerTypeId1, title) VALUES (139, 776, 'CNS Tumors');
INSERT INTO SubCancerType2 (pk, SubCancerTypeId1, title) VALUES (140, 777, 'Head & Neck Malignancies');
INSERT INTO SubCancerType2 (pk, SubCancerTypeId1, title) VALUES (141, 778, 'Anal Cancer');
INSERT INTO SubCancerType2 (pk, SubCancerTypeId1, title) VALUES (142, 779, 'Colon and rectal Cancer');
INSERT INTO SubCancerType2 (pk, SubCancerTypeId1, title) VALUES (143, 780, 'Esophegeal Cancer');
INSERT INTO SubCancerType2 (pk, SubCancerTypeId1, title) VALUES (144, 781, 'Gastric Cancer');
INSERT INTO SubCancerType2 (pk, SubCancerTypeId1, title) VALUES (145, 782, 'Gastrointestinal Stromal Tumor (GIST)');
INSERT INTO SubCancerType2 (pk, SubCancerTypeId1, title) VALUES (146, 783, 'Biliary Tract Cancer');
INSERT INTO SubCancerType2 (pk, SubCancerTypeId1, title) VALUES (147, 783, 'Hepatocellular Cancer');
INSERT INTO SubCancerType2 (pk, SubCancerTypeId1, title) VALUES (148, 784, 'Pancreatic Cancer');
INSERT INTO SubCancerType2 (pk, SubCancerTypeId1, title) VALUES (149, 785, 'Non-Small Cell');
INSERT INTO SubCancerType2 (pk, SubCancerTypeId1, title) VALUES (150, 786, 'Small Cell');
INSERT INTO SubCancerType2 (pk, SubCancerTypeId1, title) VALUES (151, 787, 'Thymoma');
INSERT INTO SubCancerType2 (pk, SubCancerTypeId1, title) VALUES (152, 788, 'HER-2 Neu Negative');
INSERT INTO SubCancerType2 (pk, SubCancerTypeId1, title) VALUES (153, 789, 'HER-2 Neu Positive');
INSERT INTO SubCancerType2 (pk, SubCancerTypeId1, title) VALUES (154, 790, 'Hormonal Therapy');
INSERT INTO SubCancerType2 (pk, SubCancerTypeId1, title) VALUES (155, 791, 'Cervical');
INSERT INTO SubCancerType2 (pk, SubCancerTypeId1, title) VALUES (156, 792, 'Endometrial');
INSERT INTO SubCancerType2 (pk, SubCancerTypeId1, title) VALUES (157, 793, 'Ovaria');
INSERT INTO SubCancerType2 (pk, SubCancerTypeId1, title) VALUES (158, 794, 'Bladder');
INSERT INTO SubCancerType2 (pk, SubCancerTypeId1, title) VALUES (159, 795, 'Kidney');
INSERT INTO SubCancerType2 (pk, SubCancerTypeId1, title) VALUES (160, 796, 'Harmone-Refractory');
INSERT INTO SubCancerType2 (pk, SubCancerTypeId1, title) VALUES (161, 796, 'Hormonal');
INSERT INTO SubCancerType2 (pk, SubCancerTypeId1, title) VALUES (162, 797, 'Testicular');
INSERT INTO SubCancerType2 (pk, SubCancerTypeId1, title) VALUES (163, 798, 'Sarcoma');
INSERT INTO SubCancerType2 (pk, SubCancerTypeId1, title) VALUES (164, 799, 'Kaposi''s Sarcoma- AIDS Related');
INSERT INTO SubCancerType2 (pk, SubCancerTypeId1, title) VALUES (165, 800, 'Unknown Primary');
INSERT INTO SubCancerType2 (pk, SubCancerTypeId1, title) VALUES (166, 801, 'AIDS-Related');
INSERT INTO SubCancerType2 (pk, SubCancerTypeId1, title) VALUES (167, 802, 'Hodgki''s');
INSERT INTO SubCancerType2 (pk, SubCancerTypeId1, title) VALUES (168, 803, 'Non-Hodgki''s');
INSERT INTO SubCancerType2 (pk, SubCancerTypeId1, title) VALUES (169, 804, 'Acute Lymphocytic Leukemia (ALL)');
INSERT INTO SubCancerType2 (pk, SubCancerTypeId1, title) VALUES (170, 805, 'Acute Myeloid Leukemia (AML)');
INSERT INTO SubCancerType2 (pk, SubCancerTypeId1, title) VALUES (171, 806, 'Chronic Lymphocytic Leukemia (CLL)');
INSERT INTO SubCancerType2 (pk, SubCancerTypeId1, title) VALUES (172, 807, 'Chronic Myeloid Leukemia (CML)');
INSERT INTO SubCancerType2 (pk, SubCancerTypeId1, title) VALUES (173, 808, 'Hairy Cell Leukemia');
INSERT INTO SubCancerType2 (pk, SubCancerTypeId1, title) VALUES (174, 809, 'Myeloma');
INSERT INTO SubCancerType2 (pk, SubCancerTypeId1, title) VALUES (175, 810, 'CNS Tumors');
INSERT INTO SubCancerType2 (pk, SubCancerTypeId1, title) VALUES (176, 811, 'Neuroblastoma');
INSERT INTO SubCancerType2 (pk, SubCancerTypeId1, title) VALUES (177, 812, 'Retinoblastoma');
INSERT INTO SubCancerType2 (pk, SubCancerTypeId1, title) VALUES (178, 813, 'Hepatoblastoma');
INSERT INTO SubCancerType2 (pk, SubCancerTypeId1, title) VALUES (179, 814, 'Wilms'' Tumor');
INSERT INTO SubCancerType2 (pk, SubCancerTypeId1, title) VALUES (180, 815, 'Osteosarcoma');
INSERT INTO SubCancerType2 (pk, SubCancerTypeId1, title) VALUES (181, 816, 'Soft tissue and Bone');
INSERT INTO SubCancerType2 (pk, SubCancerTypeId1, title) VALUES (182, 817, 'Hodgki''s');
INSERT INTO SubCancerType2 (pk, SubCancerTypeId1, title) VALUES (183, 818, 'Non-Hodgki''s');
INSERT INTO SubCancerType2 (pk, SubCancerTypeId1, title) VALUES (184, 819, ' Acute Lymphocytic Leukemia');
INSERT INTO SubCancerType2 (pk, SubCancerTypeId1, title) VALUES (185, 820, 'Acute Myeloid Leukemia');
;
INSERT INTO SubCancerType1 (pk, CancerTypeId, title) VALUES (776, 22, 'CNS Tumors');
INSERT INTO SubCancerType1 (pk, CancerTypeId, title) VALUES (777, 23, 'Head & Neck Malignancies');
INSERT INTO SubCancerType1 (pk, CancerTypeId, title) VALUES (778, 24, 'Anal Cancer');
INSERT INTO SubCancerType1 (pk, CancerTypeId, title) VALUES (779, 24, 'Colon and rectal Cancer');
INSERT INTO SubCancerType1 (pk, CancerTypeId, title) VALUES (780, 24, 'Esophegeal Cancer');
INSERT INTO SubCancerType1 (pk, CancerTypeId, title) VALUES (781, 24, 'Gastric Cancer');
INSERT INTO SubCancerType1 (pk, CancerTypeId, title) VALUES (782, 24, 'Gastrointestinal Stromal Tumor (GIST)');
INSERT INTO SubCancerType1 (pk, CancerTypeId, title) VALUES (783, 24, 'Hepatobiliary');
INSERT INTO SubCancerType1 (pk, CancerTypeId, title) VALUES (784, 24, 'Pancreatic Cancer');
INSERT INTO SubCancerType1 (pk, CancerTypeId, title) VALUES (785, 25, 'Non-Small Cell');
INSERT INTO SubCancerType1 (pk, CancerTypeId, title) VALUES (786, 25, 'Small Cell');
INSERT INTO SubCancerType1 (pk, CancerTypeId, title) VALUES (787, 25, 'Thymoma');
INSERT INTO SubCancerType1 (pk, CancerTypeId, title) VALUES (788, 26, 'HER-2 Neu Negative');
INSERT INTO SubCancerType1 (pk, CancerTypeId, title) VALUES (789, 26, 'HER-2 Neu Positive');
INSERT INTO SubCancerType1 (pk, CancerTypeId, title) VALUES (790, 26, 'Hormonal Therapy');
INSERT INTO SubCancerType1 (pk, CancerTypeId, title) VALUES (791, 27, 'Cervical');
INSERT INTO SubCancerType1 (pk, CancerTypeId, title) VALUES (792, 27, 'Endometrial');
INSERT INTO SubCancerType1 (pk, CancerTypeId, title) VALUES (793, 27, 'Ovaria');
INSERT INTO SubCancerType1 (pk, CancerTypeId, title) VALUES (794, 28, 'Bladder');
INSERT INTO SubCancerType1 (pk, CancerTypeId, title) VALUES (795, 28, 'Kidney');
INSERT INTO SubCancerType1 (pk, CancerTypeId, title) VALUES (796, 28, 'Prostate');
INSERT INTO SubCancerType1 (pk, CancerTypeId, title) VALUES (797, 28, 'Testicular');
INSERT INTO SubCancerType1 (pk, CancerTypeId, title) VALUES (798, 29, 'Sarcoma');
INSERT INTO SubCancerType1 (pk, CancerTypeId, title) VALUES (799, 30, 'Kaposi''s Sarcoma- AIDS Related');
INSERT INTO SubCancerType1 (pk, CancerTypeId, title) VALUES (800, 31, 'Unknown Primary');
INSERT INTO SubCancerType1 (pk, CancerTypeId, title) VALUES (801, 32, 'AIDS-Related');
INSERT INTO SubCancerType1 (pk, CancerTypeId, title) VALUES (802, 32, 'Hodgki''s');
INSERT INTO SubCancerType1 (pk, CancerTypeId, title) VALUES (803, 32, 'Non-Hodgki''s');
INSERT INTO SubCancerType1 (pk, CancerTypeId, title) VALUES (804, 33, 'Acute Lymphocytic Leukemia (ALL)');
INSERT INTO SubCancerType1 (pk, CancerTypeId, title) VALUES (805, 33, 'Acute Myeloid Leukemia (AML)');
INSERT INTO SubCancerType1 (pk, CancerTypeId, title) VALUES (806, 33, 'Chronic Lymphocytic Leukemia (CLL)');
INSERT INTO SubCancerType1 (pk, CancerTypeId, title) VALUES (807, 33, 'Chronic Myeloid Leukemia (CML)');
INSERT INTO SubCancerType1 (pk, CancerTypeId, title) VALUES (808, 33, 'Hairy Cell Leukemia');
INSERT INTO SubCancerType1 (pk, CancerTypeId, title) VALUES (809, 34, 'Myeloma');
INSERT INTO SubCancerType1 (pk, CancerTypeId, title) VALUES (810, 35, 'CNS Tumors');
INSERT INTO SubCancerType1 (pk, CancerTypeId, title) VALUES (811, 36, 'Neuroblastoma');
INSERT INTO SubCancerType1 (pk, CancerTypeId, title) VALUES (812, 37, 'Retinoblastoma');
INSERT INTO SubCancerType1 (pk, CancerTypeId, title) VALUES (813, 38, 'Hepatoblastoma');
INSERT INTO SubCancerType1 (pk, CancerTypeId, title) VALUES (814, 39, 'Wilms'' Tumor');
INSERT INTO SubCancerType1 (pk, CancerTypeId, title) VALUES (815, 40, 'Osteosarcoma');
INSERT INTO SubCancerType1 (pk, CancerTypeId, title) VALUES (816, 40, 'Soft tissue and Bone');
INSERT INTO SubCancerType1 (pk, CancerTypeId, title) VALUES (817, 41, 'Hodgki''s');
INSERT INTO SubCancerType1 (pk, CancerTypeId, title) VALUES (818, 41, 'Non-Hodgki''s');
INSERT INTO SubCancerType1 (pk, CancerTypeId, title) VALUES (819, 42, ' Acute Lymphocytic Leukemia');
INSERT INTO SubCancerType1 (pk, CancerTypeId, title) VALUES (820, 42, 'Acute Myeloid Leukemia');

INSERT INTO PatientType (pk, title) VALUES (32, 'Adult');
INSERT INTO PatientType (pk, title) VALUES (33, 'Pediatric');

INSERT INTO CancerType (pk, PatientTypeId, title) VALUES (1, 21, 'CNS Tumors');
INSERT INTO CancerType (pk, PatientTypeId, title) VALUES (2, 21, 'Head & Neck Malignancies');
INSERT INTO CancerType (pk, PatientTypeId, title) VALUES (3, 21, 'Gastro Intestinal');
INSERT INTO CancerType (pk, PatientTypeId, title) VALUES (4, 21, 'Thoracic');
INSERT INTO CancerType (pk, PatientTypeId, title) VALUES (5, 21, 'Breast Cancer');
INSERT INTO CancerType (pk, PatientTypeId, title) VALUES (6, 21, 'Gynecologic Malignancy');
INSERT INTO CancerType (pk, PatientTypeId, title) VALUES (7, 21, 'Urinary Tract');
INSERT INTO CancerType (pk, PatientTypeId, title) VALUES (8, 21, 'Sarcoma');
INSERT INTO CancerType (pk, PatientTypeId, title) VALUES (9, 21, 'Kaposi''s Sarcoma- AIDS Related');
INSERT INTO CancerType (pk, PatientTypeId, title) VALUES (10, 21, 'Unknown Primary');
INSERT INTO CancerType (pk, PatientTypeId, title) VALUES (11, 21, 'Lymphoma');
INSERT INTO CancerType (pk, PatientTypeId, title) VALUES (12, 21, 'Leukemia');
INSERT INTO CancerType (pk, PatientTypeId, title) VALUES (13, 21, 'Myeloma');
INSERT INTO CancerType (pk, PatientTypeId, title) VALUES (14, 22, 'CNS Tumors');
INSERT INTO CancerType (pk, PatientTypeId, title) VALUES (15, 22, 'Neuroblastoma');
INSERT INTO CancerType (pk, PatientTypeId, title) VALUES (16, 22, 'Retinoblastoma');
INSERT INTO CancerType (pk, PatientTypeId, title) VALUES (17, 22, 'Hepatoblastoma');
INSERT INTO CancerType (pk, PatientTypeId, title) VALUES (18, 22, 'Wilms'' Tumor');
INSERT INTO CancerType (pk, PatientTypeId, title) VALUES (19, 22, 'Sarcoma');
INSERT INTO CancerType (pk, PatientTypeId, title) VALUES (20, 22, 'Lymphoma');
INSERT INTO CancerType (pk, PatientTypeId, title) VALUES (21, 22, 'Leukemias');
INSERT INTO CancerType (pk, PatientTypeId, title) VALUES (22, 32, 'CNS Tumors');
INSERT INTO CancerType (pk, PatientTypeId, title) VALUES (23, 32, 'Head & Neck Malignancies');
INSERT INTO CancerType (pk, PatientTypeId, title) VALUES (24, 32, 'Gastro Intestinal');
INSERT INTO CancerType (pk, PatientTypeId, title) VALUES (25, 32, 'Thoracic');
INSERT INTO CancerType (pk, PatientTypeId, title) VALUES (26, 32, 'Breast Cancer');
INSERT INTO CancerType (pk, PatientTypeId, title) VALUES (27, 32, 'Gynecologic Malignancy');
INSERT INTO CancerType (pk, PatientTypeId, title) VALUES (28, 32, 'Urinary Tract');
INSERT INTO CancerType (pk, PatientTypeId, title) VALUES (29, 32, 'Sarcoma');
INSERT INTO CancerType (pk, PatientTypeId, title) VALUES (30, 32, 'Kaposi''s Sarcoma- AIDS Related');
INSERT INTO CancerType (pk, PatientTypeId, title) VALUES (31, 32, 'Unknown Primary');
INSERT INTO CancerType (pk, PatientTypeId, title) VALUES (32, 32, 'Lymphoma');
INSERT INTO CancerType (pk, PatientTypeId, title) VALUES (33, 32, 'Leukemia');
INSERT INTO CancerType (pk, PatientTypeId, title) VALUES (34, 32, 'Myeloma');
INSERT INTO CancerType (pk, PatientTypeId, title) VALUES (35, 33, 'CNS Tumors');
INSERT INTO CancerType (pk, PatientTypeId, title) VALUES (36, 33, 'Neuroblastoma');
INSERT INTO CancerType (pk, PatientTypeId, title) VALUES (37, 33, 'Retinoblastoma');
INSERT INTO CancerType (pk, PatientTypeId, title) VALUES (38, 33, 'Hepatoblastoma');
INSERT INTO CancerType (pk, PatientTypeId, title) VALUES (39, 33, 'Wilms'' Tumor');
INSERT INTO CancerType (pk, PatientTypeId, title) VALUES (40, 33, 'Sarcoma');
INSERT INTO CancerType (pk, PatientTypeId, title) VALUES (41, 33, 'Lymphoma');
INSERT INTO CancerType (pk, PatientTypeId, title) VALUES (42, 33, 'Leukemias');

