create table tnmList(pk INTEGER, description TEXT);

INSERT INTO tnmList(pk, description) VALUES (10, 'Gastric Cancer');
INSERT INTO tnmList(pk, description) VALUES (20, 'Colorectal Cancer');
--INSERT INTO tnmList(pk, description) VALUES (30, 'Esophageal Squamous Cell Cancer');
INSERT INTO tnmList(pk, description) VALUES (40, 'TNM for Carcinoma of Breast');
INSERT INTO tnmList(pk, description) VALUES (50, 'Lung Cancer');
INSERT INTO tnmList(pk, description) VALUES (60, 'Prostate Cancer');
INSERT INTO tnmList(pk, description) VALUES (70, 'Bladder Cancer');
--INSERT INTO tnmList(pk, description) VALUES (80, 'TNM Anatomic Groups for Prognostic Cancer');
INSERT INTO tnmList(pk, description) VALUES (90, 'Testicular Cancer');

create table tnmT(listID INTEGER, code TEXT, description TEXT);

INSERT INTO tnmT(listID, code, description) VALUES(10, 'TX','Primary tumor cannot be assessed');
INSERT INTO tnmT(listID, code, description) VALUES(10, 'TO','No evidence of primary tumor');
INSERT INTO tnmT(listID, code, description) VALUES(10, 'Tis','Carcinoma in situ: intraepithelial tumor without invasion of the lamina propria');
INSERT INTO tnmT(listID, code, description) VALUES(10, 'T1','Tumor invades lamina propria, muscularis mucosae, or submucosa');
INSERT INTO tnmT(listID, code, description) VALUES(10, 'T1a','Tumor invades lamina propria or muscularis mucosae');
INSERT INTO tnmT(listID, code, description) VALUES(10, 'T1b','Tumor invades submucosa');
INSERT INTO tnmT(listID, code, description) VALUES(10, 'T2','Tumor invades muscularis propria*');
INSERT INTO tnmT(listID, code, description) VALUES(10, 'T3','Tumor penetrates subserosal connective tissue without invasion of visceral peritoneum or adjacent structucres●∆');
INSERT INTO tnmT(listID, code, description) VALUES(10, 'T4','Tumor invades serosa (visceral peritoneum) or adjacent structures●∆');
INSERT INTO tnmT(listID, code, description) VALUES(10, 'T4a','Tumor invades serosa (visceral peritoneum)');
INSERT INTO tnmT(listID, code, description) VALUES(10, 'T4b','Tumor invades adjacent structures');

create table tnmN(listID INTEGER, code TEXT, description TEXT);

INSERT INTO tnmN(listID, code, description) VALUES(10, 'NX','Regional lymph node(s) cannot be assessed');
INSERT INTO tnmN(listID, code, description) VALUES(10, 'NO','No regional lymph node metastasiso');
INSERT INTO tnmN(listID, code, description) VALUES(10, 'N1','Metastasis in L-2 regional lymph nodes');
INSERT INTO tnmN(listID, code, description) VALUES(10, 'N2','Metastasis in 3-6 regional lymph nodes');
INSERT INTO tnmN(listID, code, description) VALUES(10, 'N3','Metastasis in seven or more regional lymph nodes');
INSERT INTO tnmN(listID, code, description) VALUES(10, 'N3a','Metastasis in 7-15 regional lymph nodes');
INSERT INTO tnmN(listID, code, description) VALUES(10, 'N3b','Metastasis in 16 or more regional lymph nodes');

create table tnmM(listID INTEGER, code TEXT, description TEXT);

INSERT INTO tnmM(listID, code, description) VALUES(10, 'MO','No distant metastasis');
INSERT INTO tnmM(listID, code, description) VALUES(10, 'M1','Distant metastasis');

create table tnmG(listID INTEGER, code TEXT, description TEXT);

create table tnmStage(listID INTEGER, t_code TEXT, n_code TEXT, m_code TEXT, g_code TEXT, stage TEXT);

INSERT INTO tnmStage(listID, t_code, n_code, m_code, stage) VALUES(10, 'Tis','NO','MO','Stage 0');
INSERT INTO tnmStage(listID, t_code, n_code, m_code, stage) VALUES(10, 'T1','NO','MO','Stage IA');
INSERT INTO tnmStage(listID, t_code, n_code, m_code, stage) VALUES(10, 'T2','NO','MO','Stage IB');
INSERT INTO tnmStage(listID, t_code, n_code, m_code, stage) VALUES(10, 'T1','N1','MO','Stage IB');
INSERT INTO tnmStage(listID, t_code, n_code, m_code, stage) VALUES(10, 'T3','NO','MO','Stage IIA');
INSERT INTO tnmStage(listID, t_code, n_code, m_code, stage) VALUES(10, 'T2','N1','MO','Stage IIA');
INSERT INTO tnmStage(listID, t_code, n_code, m_code, stage) VALUES(10, 'T1','N2','MO','Stage IIA');
INSERT INTO tnmStage(listID, t_code, n_code, m_code, stage) VALUES(10, 'T4a','NO','MO','Stage IIB');
INSERT INTO tnmStage(listID, t_code, n_code, m_code, stage) VALUES(10, 'T3','N1','MO','Stage IIB');
INSERT INTO tnmStage(listID, t_code, n_code, m_code, stage) VALUES(10, 'T2','N2','MO','Stage IIB');
INSERT INTO tnmStage(listID, t_code, n_code, m_code, stage) VALUES(10, 'T1','N3','MO','Stage IIB');
INSERT INTO tnmStage(listID, t_code, n_code, m_code, stage) VALUES(10, 'T4a','N1','MO','Stage IIIA');
INSERT INTO tnmStage(listID, t_code, n_code, m_code, stage) VALUES(10, 'T3','N2','MO','Stage IIIA');
INSERT INTO tnmStage(listID, t_code, n_code, m_code, stage) VALUES(10, 'T2','N3','MO','Stage IIIA');
INSERT INTO tnmStage(listID, t_code, n_code, m_code, stage) VALUES(10, 'T4b','NO','MO','Stage IIIB');
INSERT INTO tnmStage(listID, t_code, n_code, m_code, stage) VALUES(10, 'T4b','N1','MO','Stage IIIB');
INSERT INTO tnmStage(listID, t_code, n_code, m_code, stage) VALUES(10, 'T4a','N2','MO','Stage IIIB');
INSERT INTO tnmStage(listID, t_code, n_code, m_code, stage) VALUES(10, 'T3','N3','MO','Stage IIIB');
INSERT INTO tnmStage(listID, t_code, n_code, m_code, stage) VALUES(10, 'T4b','N2','MO','Stage IIIC');
INSERT INTO tnmStage(listID, t_code, n_code, m_code, stage) VALUES(10, 'T4b','N3','MO','Stage IIIC');
INSERT INTO tnmStage(listID, t_code, n_code, m_code, stage) VALUES(10, 'T4a','N3','MO','Stage IIIC');
INSERT INTO tnmStage(listID, t_code, n_code, m_code, stage) VALUES(10, 'Any T','Any N','M1','Stage IV');


INSERT INTO tnmT(listID, code, description) VALUES(20, 'TX','Primary tumor cannot be assessed');
INSERT INTO tnmT(listID, code, description) VALUES(20, 'TO','No evidence of primary tumor');
INSERT INTO tnmT(listID, code, description) VALUES(20, 'Tis','Carcinoma in situ: intraepithelial or invasion of lamina propria*');
INSERT INTO tnmT(listID, code, description) VALUES(20, 'T1','Tumor invades submucosa');
INSERT INTO tnmT(listID, code, description) VALUES(20, 'T2','Tumor invades muscularis propria');
INSERT INTO tnmT(listID, code, description) VALUES(20, 'T3','Tumor invades through the muscularis propria into pericolorectal tissues');
INSERT INTO tnmT(listID, code, description) VALUES(20, 'T4a','Tumor penetrates to the surface of the visceral peritoneum●');
INSERT INTO tnmT(listID, code, description) VALUES(20, 'T4b','Tumor directly invades or is adherent to other organs or structures●∆');


INSERT INTO tnmN(listID, code, description) VALUES(20, 'NX','Regional lymph nodes cannot be assessed');
INSERT INTO tnmN(listID, code, description) VALUES(20, 'NO','No regional lymph node metastasis');
INSERT INTO tnmN(listID, code, description) VALUES(20, 'N1','Metastasis in 1-3 regional lymph nodes');
INSERT INTO tnmN(listID, code, description) VALUES(20, 'N1a','Metastasis in one regional lymph node');
INSERT INTO tnmN(listID, code, description) VALUES(20, 'N1b','Metastasis in 2-3 regional lymph nodes');
INSERT INTO tnmN(listID, code, description) VALUES(20, 'N1c','Tumor deposit(s) in the subserosa, mesentery, or nonperitonealized pericolic or perirectal tissues without regional nodal metastasis');
INSERT INTO tnmN(listID, code, description) VALUES(20, 'N2','Metastasis in four or more regional lymph nodes');
INSERT INTO tnmN(listID, code, description) VALUES(20, 'N2a','Metastasis in 4-6 regional lymph nodes');
INSERT INTO tnmN(listID, code, description) VALUES(20, 'N2b','Metastasis in seven or more regional lymph nodes');

INSERT INTO tnmM(listID, code, description) VALUES(20, 'MO','No distant metastasis');
INSERT INTO tnmM(listID, code, description) VALUES(20, 'M1','Distant metastasis');
INSERT INTO tnmM(listID, code, description) VALUES(20, 'M1a','Metastasis confined to one organ or site (eg: liver, lung, ovary, nonregional node)');
INSERT INTO tnmM(listID, code, description) VALUES(20, 'M1b','Metastases in more than one organ/site or the peritoneum');

INSERT INTO tnmStage(listID, t_code, n_code, m_code, stage) VALUES(20, 'Tis','NO','MO','Stage 0');
INSERT INTO tnmStage(listID, t_code, n_code, m_code, stage) VALUES(20, 'T1','NO','MO','Stage I');
INSERT INTO tnmStage(listID, t_code, n_code, m_code, stage) VALUES(20, 'T2','NO','MO','Stage I');
INSERT INTO tnmStage(listID, t_code, n_code, m_code, stage) VALUES(20, 'T3','NO','MO','Stage IIA');
INSERT INTO tnmStage(listID, t_code, n_code, m_code, stage) VALUES(20, 'T4a','NO','MO','Stage IIB');
INSERT INTO tnmStage(listID, t_code, n_code, m_code, stage) VALUES(20, 'T4b','NO','MO','Stage IIC');
INSERT INTO tnmStage(listID, t_code, n_code, m_code, stage) VALUES(20, 'T1','N1','M0','Stage IIIA');
INSERT INTO tnmStage(listID, t_code, n_code, m_code, stage) VALUES(20, 'T1','N1c','M0','Stage IIIA');
INSERT INTO tnmStage(listID, t_code, n_code, m_code, stage) VALUES(20, 'T2','N1','M0','Stage IIIA');
INSERT INTO tnmStage(listID, t_code, n_code, m_code, stage) VALUES(20, 'T2','N1c','M0','Stage IIIA');
INSERT INTO tnmStage(listID, t_code, n_code, m_code, stage) VALUES(20, 'T1','N2a','M0','Stage IIIA');
INSERT INTO tnmStage(listID, t_code, n_code, m_code, stage) VALUES(20, 'T3','N1','M0','Stage IIIB');
INSERT INTO tnmStage(listID, t_code, n_code, m_code, stage) VALUES(20, 'T3','N1c','M0','Stage IIIB');
INSERT INTO tnmStage(listID, t_code, n_code, m_code, stage) VALUES(20, 'T4a','N1','M0','Stage IIIB');
INSERT INTO tnmStage(listID, t_code, n_code, m_code, stage) VALUES(20, 'T4a','N1c','M0','Stage IIIB');
INSERT INTO tnmStage(listID, t_code, n_code, m_code, stage) VALUES(20, 'T2','N2a','M0','Stage IIIB');
INSERT INTO tnmStage(listID, t_code, n_code, m_code, stage) VALUES(20, 'T3','N2a','M0','Stage IIIB');
INSERT INTO tnmStage(listID, t_code, n_code, m_code, stage) VALUES(20, 'T1','N2b','M0','Stage IIIB');
INSERT INTO tnmStage(listID, t_code, n_code, m_code, stage) VALUES(20, 'T2','N2b','M0','Stage IIIB');
INSERT INTO tnmStage(listID, t_code, n_code, m_code, stage) VALUES(20, 'T4a','N2a','M0','Stage IIIC');
INSERT INTO tnmStage(listID, t_code, n_code, m_code, stage) VALUES(20, 'T3','N2b','M0','Stage IIIC');
INSERT INTO tnmStage(listID, t_code, n_code, m_code, stage) VALUES(20, 'T4a','N2b','M0','Stage IIIC');
INSERT INTO tnmStage(listID, t_code, n_code, m_code, stage) VALUES(20, 'T4b','N1-N2','M0','Stage IIIC');
INSERT INTO tnmStage(listID, t_code, n_code, m_code, stage) VALUES(20, 'Any T','Any N','M1a','Stage IVA');
INSERT INTO tnmStage(listID, t_code, n_code, m_code, stage) VALUES(20, 'Any T','Any N','M1b','Stage IVB');

INSERT INTO tnmT(listID, code, description) VALUES(40, 'TX ','Primary tumor cannot be assessed');
INSERT INTO tnmT(listID, code, description) VALUES(40, 'TO','No evidence of primary tumor');
INSERT INTO tnmT(listID, code, description) VALUES(40, 'Tis','Carcinoma in situ');
INSERT INTO tnmT(listID, code, description) VALUES(40, 'T1','Tumor ≤20 mm in greatest dimension');
INSERT INTO tnmT(listID, code, description) VALUES(40, 'Tlmi','Tumor ≤1 mm in greatest dimension');
INSERT INTO tnmT(listID, code, description) VALUES(40, 'T1a','Tumor >1 mm but ≤5 mm in greatest dimension');
INSERT INTO tnmT(listID, code, description) VALUES(40, 'T1b','Tumor >5 mm but ≤10 mm in greatest dimension');
INSERT INTO tnmT(listID, code, description) VALUES(40, 'T1c','Tumor >10 mm but ≤20 mm in greatest dimension');
INSERT INTO tnmT(listID, code, description) VALUES(40, 'T2','Tumor >20 mm but ≤50 mm in greatest dimension');
INSERT INTO tnmT(listID, code, description) VALUES(40, 'T3','Tumor >50 mm in greatest dimension');
INSERT INTO tnmT(listID, code, description) VALUES(40, 'T4◊','Tumor of any size with direct extension to the chest wall and/or to the skin (ulceration or skin nodules)');
INSERT INTO tnmT(listID, code, description) VALUES(40, 'T4a','Extension to the chest wall, not including only pectoralis muscle adherence/invasion');
INSERT INTO tnmT(listID, code, description) VALUES(40, 'T4b','Ulceration and/or ipsilateral satellite nodules and/or edema (including peau d''orange) of the skin, which do not meet the criteria for inflammatory carcinoma');
INSERT INTO tnmT(listID, code, description) VALUES(40, 'T4c','Both T4a and T4b');
INSERT INTO tnmT(listID, code, description) VALUES(40, 'T4d','Inflammatory carcinoma§');

INSERT INTO tnmN(listID, code, description) VALUES(40, 'pNX','Regional lymph nodes cannot be assessed (eg, previously removed, or not removed for pathologic study)');
INSERT INTO tnmN(listID, code, description) VALUES(40, 'pN0','No regional lymph node metastasis identified histologically');
INSERT INTO tnmN(listID, code, description) VALUES(40, 'pN0(i- )','No regional lymph node metastases histologically, negative immunohistochemistry (IHC)');
INSERT INTO tnmN(listID, code, description) VALUES(40, 'pN0(i+)','Malignant cells in regional lymph node(s) no greater than 0.2 mm (detected by H&E or IHC including isolated tumor cell clusters (ITC))');
INSERT INTO tnmN(listID, code, description) VALUES(40, 'pN0(mol-)','No regional lymph node metastases histologically, negative molecular findings (RT-PCR)●●');
INSERT INTO tnmN(listID, code, description) VALUES(40, 'pN0(mol+)','Positive molecular findings (RT-PCR)●●, but no regional lymph node metastases detected bV histology or IHC');
INSERT INTO tnmN(listID, code, description) VALUES(40, 'pN1','Micrometastases; or metastases in 1-3 axillary lymph nodes; and/or in internal mammary nodes with metastases detected by sentinel lymph node biop-sy but not clinically detected ∆∆');
INSERT INTO tnmN(listID, code, description) VALUES(40, 'pN 1mi','Micrometastases (greater than 0.2 mm and/or more than 200 cells, but none greater than 2.0 mm');
INSERT INTO tnmN(listID, code, description) VALUES(40, 'pN 1a','Metastases in 1-3 axillary lymph nodes, at least one metastasis greater than 2.0 mm');
INSERT INTO tnmN(listID, code, description) VALUES(40, 'pN 1b','Metastases in internal mammary nodes with micrometastases or macrometastases detected by sentinel lymph node biopsy but not clinically detected ∆∆');
INSERT INTO tnmN(listID, code, description) VALUES(40, 'pN 1c','Metastases in 1-3 axillary lymph nodes and in internal mammary or macrometastases detected by sentinel lymph node biopsy but lymph nodes with micrometastases not clinically detected');
INSERT INTO tnmN(listID, code, description) VALUES(40, 'pN2','Metastases in 4-9 axillary lymph nodes; or in clinically detected◊◊ internal mammary lymph nodes in the absence of axillary lymph node metastases');
INSERT INTO tnmN(listID, code, description) VALUES(40, 'pN2a','Metastases in 4-9 axillary lymph nodes (at least one tumor deposit greater than 2.0 mm)-..-');
INSERT INTO tnmN(listID, code, description) VALUES(40, 'pN2b','Metastases in clinically detectedoo internal mammary lymph nodes in the absence of axillary lymph node metastases');
INSERT INTO tnmN(listID, code, description) VALUES(40, 'pN3','Metastases in ten or more axillary lymph nodes; or in infraclavicular (level III axillary) lymph nodes; or in clinically detectedoo ipsilateral internal mammary lymph nodes in the presence of one or more positive level I, II axillary lymph nodes; or in more than three axillary lymph nodes and in internal mammary lymph nodes with micrometastases or macrometastases detected by sentinel lymph node biopsy but not clinically detected ∆∆; or in ipsilateral supraclavicular lymph nodes');
INSERT INTO tnmN(listID, code, description) VALUES(40, 'pN3a','Metastases in ten or more axillary lymph nodes (at least one tumor deposit greater than 2.0 mm); or metastases to the infraclavicular (level III axillary lymph) nodes');
INSERT INTO tnmN(listID, code, description) VALUES(40, 'pN3b','Metastases in clinically detected◊◊ ipsilateral internal mammary lymph nodes in the presence of one or more positive axillary lymph nodes; or in more than three axillary lymph nodes and in internal mammary lymph nodes with micrometastases or macrometastases detected by sentinel lymph node biopsy but not clinically detected ∆∆');
INSERT INTO tnmN(listID, code, description) VALUES(40, 'pN3c','Metastases in ipsilateral supraclavicular lymph nodes');

INSERT INTO tnmM(listID, code, description) VALUES(40, 'MO','No clinical or radiographic evidence of distant metastases');
INSERT INTO tnmM(listID, code, description) VALUES(40, 'M1','Distant detectable metastases as determined by classic clinical and radiographic means');

INSERT INTO tnmStage(listID, t_code, n_code, m_code, stage) VALUES(20, 'Tis','pNO','MO','Stage 0');
INSERT INTO tnmStage(listID, t_code, n_code, m_code, stage) VALUES(20, 'T1','pNO','MO','Stage IA');
INSERT INTO tnmStage(listID, t_code, n_code, m_code, stage) VALUES(20, 'TO','pNNmi','MO','Stage IB');
INSERT INTO tnmStage(listID, t_code, n_code, m_code, stage) VALUES(20, 'T1','pN1mi','MO','Stage IB');
INSERT INTO tnmStage(listID, t_code, n_code, m_code, stage) VALUES(20, 'TO','pN1','MO','Stage IIA');
INSERT INTO tnmStage(listID, t_code, n_code, m_code, stage) VALUES(20, 'T1','pN1','MO','Stage IIA');
INSERT INTO tnmStage(listID, t_code, n_code, m_code, stage) VALUES(20, 'T2','pNO','MO','Stage IIA');
INSERT INTO tnmStage(listID, t_code, n_code, m_code, stage) VALUES(20, 'T2','pN1','MO','Stage IIB');
INSERT INTO tnmStage(listID, t_code, n_code, m_code, stage) VALUES(20, 'T3','pNO','MO','Stage IIB');
INSERT INTO tnmStage(listID, t_code, n_code, m_code, stage) VALUES(20, 'TO','pN2','MO','Stage IIIA');
INSERT INTO tnmStage(listID, t_code, n_code, m_code, stage) VALUES(20, 'T1','pN2','MO','Stage IIIA');
INSERT INTO tnmStage(listID, t_code, n_code, m_code, stage) VALUES(20, 'T2','pN2','MO','Stage IIIA');
INSERT INTO tnmStage(listID, t_code, n_code, m_code, stage) VALUES(20, 'T3','pN1','MO','Stage IIIA');
INSERT INTO tnmStage(listID, t_code, n_code, m_code, stage) VALUES(20, 'T3','pN2','MO','Stage IIIA');
INSERT INTO tnmStage(listID, t_code, n_code, m_code, stage) VALUES(20, 'T4','pNO','MO','Stage IIIB');
INSERT INTO tnmStage(listID, t_code, n_code, m_code, stage) VALUES(20, 'T4','pN1','MO','Stage IIIB');
INSERT INTO tnmStage(listID, t_code, n_code, m_code, stage) VALUES(20, 'T4','pN2','MO','Stage IIIB');
INSERT INTO tnmStage(listID, t_code, n_code, m_code, stage) VALUES(20, 'Any T','pN3','MO','Stage IIIC');
INSERT INTO tnmStage(listID, t_code, n_code, m_code, stage) VALUES(20, 'Any T','pAny N','M1','Stage IV');


INSERT INTO tnmT(listID, code, description) VALUES(50, 'T1','Tumor ≤3 cm diameter, surrounded by lung or visceral pleura, without invasion more proximal than lobar bronchus');
INSERT INTO tnmT(listID, code, description) VALUES(50, 'T1a','Tumor ≤2 cm in diameter');
INSERT INTO tnmT(listID, code, description) VALUES(50, 'T1b','Tumor >2 cm but ≤3 cm in diameter');
INSERT INTO tnmT(listID, code, description) VALUES(50, 'T2','Tumor >3 cm but ≤7 cm, or tumor with any of the following features: Involves main bronchus, >2 cm distal to carina Invades visceral pleura Associated with atelectasis or obstructive pneumonitis that extends to the hilar region but does not involve the entire lung');
INSERT INTO tnmT(listID, code, description) VALUES(50, 'T2a','Tumor >3 cm but ≤5 cm');
INSERT INTO tnmT(listID, code, description) VALUES(50, 'T2b','Tumor >5 cm but ≤7 cm');
INSERT INTO tnmT(listID, code, description) VALUES(50, 'T3','Tumor >7 cm or any of the following: Directly invades any of the following: chest wall, diaphragm, phrenic nerve, mediastinal pleura, parietal pericardium, main bronchus <2 cm from carina (without involvement of carina) Atelectasis or obstructive pneumonitis of the entire lung Separate tumor nodules in the same lobe');
INSERT INTO tnmT(listID, code, description) VALUES(50, 'T4','Tumor of any size that invades the mediastinum, heart, great vessels, trachea, recurrent laryngeal nerve, esophagus, vertebral body, carina, or with separate tumor nodules in a different ipsilateral lobe');

INSERT INTO tnmN(listID, code, description) VALUES(50, 'N0','No regional lymph node metastases');
INSERT INTO tnmN(listID, code, description) VALUES(50, 'N1','Metastasis in ipsilateral peribronchial and/or ipsilateral hilar lymph nodes and intrapulmonary nodes, including involvement by direct extension');
INSERT INTO tnmN(listID, code, description) VALUES(50, 'N2','Metastasis in ipsilateral mediastinal and/or subcarinal lymph node(s)');
INSERT INTO tnmN(listID, code, description) VALUES(50, 'N3','Metastasis in contralateral mediastinal, contralateral hilar, ipsilateral or contralateral scalene, or supraclavicular lymph node(s)');

INSERT INTO tnmM(listID, code, description) VALUES(50, 'MO','No distant metastasis');
INSERT INTO tnmM(listID, code, description) VALUES(50, 'M1','Distant metastasis');
INSERT INTO tnmM(listID, code, description) VALUES(50, 'M1a ','Separate tumor nodule(s) in a contralateral lobe; tumor with pleural nodules or malignant pleural or pericardial effusion');
INSERT INTO tnmM(listID, code, description) VALUES(50, 'Mlb','Distant metastasis (in extrathoracic organs)');

INSERT INTO tnmStage(listID, t_code, n_code, m_code, stage) VALUES(50, 'T1a','N0','M0','Stage IA');
INSERT INTO tnmStage(listID, t_code, n_code, m_code, stage) VALUES(50, 'T1b','N0','M0','Stage IA');
INSERT INTO tnmStage(listID, t_code, n_code, m_code, stage) VALUES(50, 'T2a','N0','M0','Stage IB');
INSERT INTO tnmStage(listID, t_code, n_code, m_code, stage) VALUES(50, 'Tla','N1','MO','Stage IIA');
INSERT INTO tnmStage(listID, t_code, n_code, m_code, stage) VALUES(50, 'T1b','N1','MO','Stage IIA');
INSERT INTO tnmStage(listID, t_code, n_code, m_code, stage) VALUES(50, 'T2a','N1','MO','Stage IIA');
INSERT INTO tnmStage(listID, t_code, n_code, m_code, stage) VALUES(50, 'T2b','NO','MO','Stage IIA');
INSERT INTO tnmStage(listID, t_code, n_code, m_code, stage) VALUES(50, 'T2b','N1','MO','Stage IIB');
INSERT INTO tnmStage(listID, t_code, n_code, m_code, stage) VALUES(50, 'T3','NO','MO','Stage IIB');
INSERT INTO tnmStage(listID, t_code, n_code, m_code, stage) VALUES(50, 'Tla','N2','MO','Stage IIIA');
INSERT INTO tnmStage(listID, t_code, n_code, m_code, stage) VALUES(50, 'Tlb','N2','MO','Stage IIIA');
INSERT INTO tnmStage(listID, t_code, n_code, m_code, stage) VALUES(50, 'T2a','N2','MO','Stage IIIA');
INSERT INTO tnmStage(listID, t_code, n_code, m_code, stage) VALUES(50, 'T2b','N2','MO','Stage IIIA');
INSERT INTO tnmStage(listID, t_code, n_code, m_code, stage) VALUES(50, 'T3','N1','MO','Stage IIIA');
INSERT INTO tnmStage(listID, t_code, n_code, m_code, stage) VALUES(50, 'T3','N2','MO','Stage IIIA');
INSERT INTO tnmStage(listID, t_code, n_code, m_code, stage) VALUES(50, 'T4','N0','MO','Stage IIIA');
INSERT INTO tnmStage(listID, t_code, n_code, m_code, stage) VALUES(50, 'T4','N1','MO','Stage IIIA');
INSERT INTO tnmStage(listID, t_code, n_code, m_code, stage) VALUES(50, 'T4','N2','MO','Stage IIIB');
INSERT INTO tnmStage(listID, t_code, n_code, m_code, stage) VALUES(50, 'Any T','N3','MO','Stage IIIB');
INSERT INTO tnmStage(listID, t_code, n_code, m_code, stage) VALUES(50, 'Any T','Any N','M1a','Stage IV');
INSERT INTO tnmStage(listID, t_code, n_code, m_code, stage) VALUES(50, 'Any T','Any N','M1b','Stage IV');


INSERT INTO tnmT(listID, code, description) VALUES(70, 'TX','Primary tumor cannot be assessed');
INSERT INTO tnmT(listID, code, description) VALUES(70, 'TO','No evidence of primary tumor');
INSERT INTO tnmT(listID, code, description) VALUES(70, 'Ta','Noninvasive papillary carcinoma');
INSERT INTO tnmT(listID, code, description) VALUES(70, 'Tis','Carcinoma in situ: "flat tumor"');
INSERT INTO tnmT(listID, code, description) VALUES(70, 'T1','Tumor invades subepithelial connective tissue');
INSERT INTO tnmT(listID, code, description) VALUES(70, 'T2','Tumor invades muscularis propria');
--INSERT INTO tnmT(listID, code, description) VALUES(70, 'pT2a','Tumor invades superficial muscularis propria (inner half)');
--INSERT INTO tnmT(listID, code, description) VALUES(70, 'pT2b','Tumor invades deep muscularis propria (outer half)');
INSERT INTO tnmT(listID, code, description) VALUES(70, 'T3','Tumor invades perivesical tissue');
--INSERT INTO tnmT(listID, code, description) VALUES(70, 'pT3a','Microscopically');
--INSERT INTO tnmT(listID, code, description) VALUES(70, 'pT3b',' Macroscopically (extravesical mass) .');
INSERT INTO tnmT(listID, code, description) VALUES(70, 'T4','Tumor invades any of the following: prostatic stroma, seminal vesicles, uterus, vagina, pelvic wall, abdominal wall');
INSERT INTO tnmT(listID, code, description) VALUES(70, 'T4a','Tumor invades prostatic stroma, uterus, vagina');
INSERT INTO tnmT(listID, code, description) VALUES(70, 'T4b','Tumor invades pelvic wall, abdominal wall');

INSERT INTO tnmN(listID, code, description) VALUES(70, 'NX',' Lymph nodes cannot be assessed');
INSERT INTO tnmN(listID, code, description) VALUES(70, 'N0','No lymph node metastasis');
INSERT INTO tnmN(listID, code, description) VALUES(70, 'N1','Single regional lymph node metastasis in the true pelvis (hypogastric, obturator, external iliac, or presacral lymph node)');
INSERT INTO tnmN(listID, code, description) VALUES(70, 'N2','Multiple regional lymph node metastasis in the true pelvis (hypogastric, obturator, external iliac, or presacral lymph node metastasis)');
INSERT INTO tnmN(listID, code, description) VALUES(70, 'N3','Lymph node metastasis to the common iliac lymph nodes');

INSERT INTO tnmM(listID, code, description) VALUES(70, 'M0','No distant metastasis');
INSERT INTO tnmM(listID, code, description) VALUES(70, 'M1','Distant metastasis');

INSERT INTO tnmStage(listID, t_code, n_code, m_code, stage) VALUES(70, 'Ta','N0','M0','Stage 0a');
INSERT INTO tnmStage(listID, t_code, n_code, m_code, stage) VALUES(70, 'Tis','N0','M0','Stage 0is');
INSERT INTO tnmStage(listID, t_code, n_code, m_code, stage) VALUES(70, 'T1','N0','M0','Stage I');
INSERT INTO tnmStage(listID, t_code, n_code, m_code, stage) VALUES(70, 'T2a','N0','M0','Stage II');
INSERT INTO tnmStage(listID, t_code, n_code, m_code, stage) VALUES(70, 'T2b','N0','M0','Stage II');
INSERT INTO tnmStage(listID, t_code, n_code, m_code, stage) VALUES(70, 'T3a','N0','M0','Stage III');
INSERT INTO tnmStage(listID, t_code, n_code, m_code, stage) VALUES(70, 'T3b','N0','M0','Stage III');
INSERT INTO tnmStage(listID, t_code, n_code, m_code, stage) VALUES(70, 'T4a','N0','M0','Stage III');
INSERT INTO tnmStage(listID, t_code, n_code, m_code, stage) VALUES(70, 'T4b','N0','M0','Stage IV');
INSERT INTO tnmStage(listID, t_code, n_code, m_code, stage) VALUES(70, 'Any T','N1','M0','Stage IV');
INSERT INTO tnmStage(listID, t_code, n_code, m_code, stage) VALUES(70, 'Any T','N2','M0','Stage IV');
INSERT INTO tnmStage(listID, t_code, n_code, m_code, stage) VALUES(70, 'Any T','N3','M0','Stage IV');
INSERT INTO tnmStage(listID, t_code, n_code, m_code, stage) VALUES(70, 'Any T','Any N','M1','');


create table ECOGTCGroup(GroupId INTEGER, title TEXT);
INSERT INTO ECOGTCGroup(GroupId, title) VALUES(100,'Leukopenia');
INSERT INTO ECOGTCGroup(GroupId, title) VALUES(110,'Thrombocytopenia');
INSERT INTO ECOGTCGroup(GroupId, title) VALUES(120,'Anemia');
INSERT INTO ECOGTCGroup(GroupId, title) VALUES(130,'Hemorrhage (Clinical)');
INSERT INTO ECOGTCGroup(GroupId, title) VALUES(140,'Infection');
INSERT INTO ECOGTCGroup(GroupId, title) VALUES(150,'Fever in absence of infection');
INSERT INTO ECOGTCGroup(GroupId, title) VALUES(160,'GU');
INSERT INTO ECOGTCGroup(GroupId, title) VALUES(170,'GI');
INSERT INTO ECOGTCGroup(GroupId, title) VALUES(180,'Liver');
INSERT INTO ECOGTCGroup(GroupId, title) VALUES(190,'Pulmonary');
INSERT INTO ECOGTCGroup(GroupId, title) VALUES(200,'Cardiac');
INSERT INTO ECOGTCGroup(GroupId, title) VALUES(210,'Blood Pressure');
INSERT INTO ECOGTCGroup(GroupId, title) VALUES(220,'Skin');
INSERT INTO ECOGTCGroup(GroupId, title) VALUES(230,'Allergy');
INSERT INTO ECOGTCGroup(GroupId, title) VALUES(240,'Phlebitis');
INSERT INTO ECOGTCGroup(GroupId, title) VALUES(250,'Local');
INSERT INTO ECOGTCGroup(GroupId, title) VALUES(260,'Alopecia');
INSERT INTO ECOGTCGroup(GroupId, title) VALUES(270,'Weight gain/loss');
INSERT INTO ECOGTCGroup(GroupId, title) VALUES(280,'Neurologic Sensory');
INSERT INTO ECOGTCGroup(GroupId, title) VALUES(290,'Neurologic Motor');
INSERT INTO ECOGTCGroup(GroupId, title) VALUES(300,'Neurologic Psych');
INSERT INTO ECOGTCGroup(GroupId, title) VALUES(310,'Neurologic Clinical');
INSERT INTO ECOGTCGroup(GroupId, title) VALUES(320,'Metabolic');
INSERT INTO ECOGTCGroup(GroupId, title) VALUES(330,'Coagulation');

create table ECOGTCSubGroup(SubGroupId INTEGER, GroupId INTEGER, title TEXT);
INSERT INTO ECOGTCSubGroup(SubGroupId, GroupId, title) VALUES(10,100,'WBC x 10^^^');
INSERT INTO ECOGTCSubGroup(SubGroupId, GroupId, title) VALUES(11,100,'Granulocytes/Bands');
INSERT INTO ECOGTCSubGroup(SubGroupId, GroupId, title) VALUES(12,100,'Lymphocytes');
INSERT INTO ECOGTCSubGroup(SubGroupId, GroupId, title) VALUES(13,110,'Plt x 10^^^');
INSERT INTO ECOGTCSubGroup(SubGroupId, GroupId, title) VALUES(14,120,'Hgb');
INSERT INTO ECOGTCSubGroup(SubGroupId, GroupId, title) VALUES(15,130,'Hemorrhage (Clinical)');
INSERT INTO ECOGTCSubGroup(SubGroupId, GroupId, title) VALUES(16,140,'Infection');
INSERT INTO ECOGTCSubGroup(SubGroupId, GroupId, title) VALUES(17,150,'Fever in absence of infection');
INSERT INTO ECOGTCSubGroup(SubGroupId, GroupId, title) VALUES(18,160,'Creatinine');
INSERT INTO ECOGTCSubGroup(SubGroupId, GroupId, title) VALUES(19,160,'Proteinuria');
INSERT INTO ECOGTCSubGroup(SubGroupId, GroupId, title) VALUES(20,160,'Hematuria');
INSERT INTO ECOGTCSubGroup(SubGroupId, GroupId, title) VALUES(21,160,'BUN');
INSERT INTO ECOGTCSubGroup(SubGroupId, GroupId, title) VALUES(22,170,'Nausea');
INSERT INTO ECOGTCSubGroup(SubGroupId, GroupId, title) VALUES(23,170,'Vomiting');
INSERT INTO ECOGTCSubGroup(SubGroupId, GroupId, title) VALUES(24,170,'Diarrhea');
INSERT INTO ECOGTCSubGroup(SubGroupId, GroupId, title) VALUES(25,170,'Stomatitis');
INSERT INTO ECOGTCSubGroup(SubGroupId, GroupId, title) VALUES(26,180,'Bilirubin');
INSERT INTO ECOGTCSubGroup(SubGroupId, GroupId, title) VALUES(27,180,'Transaminase (SGOT, SGPT)');
INSERT INTO ECOGTCSubGroup(SubGroupId, GroupId, title) VALUES(28,180,'Alk Phos or 5''nucleotidase');
INSERT INTO ECOGTCSubGroup(SubGroupId, GroupId, title) VALUES(29,180,'Liver - clinical');
INSERT INTO ECOGTCSubGroup(SubGroupId, GroupId, title) VALUES(30,190,'Pulmonary');
INSERT INTO ECOGTCSubGroup(SubGroupId, GroupId, title) VALUES(31,200,'Cardiac dysrhythmias');
INSERT INTO ECOGTCSubGroup(SubGroupId, GroupId, title) VALUES(32,200,'Cardiac function');
INSERT INTO ECOGTCSubGroup(SubGroupId, GroupId, title) VALUES(33,200,'Cardiac—ischemia');
INSERT INTO ECOGTCSubGroup(SubGroupId, GroupId, title) VALUES(34,200,'Cardiac –pericardial');
INSERT INTO ECOGTCSubGroup(SubGroupId, GroupId, title) VALUES(35,210,'Hypertension');
INSERT INTO ECOGTCSubGroup(SubGroupId, GroupId, title) VALUES(36,210,'Hypotension');
INSERT INTO ECOGTCSubGroup(SubGroupId, GroupId, title) VALUES(37,220,'Skin');
INSERT INTO ECOGTCSubGroup(SubGroupId, GroupId, title) VALUES(38,230,'Allergy');
INSERT INTO ECOGTCSubGroup(SubGroupId, GroupId, title) VALUES(39,240,'Phlebitis');
INSERT INTO ECOGTCSubGroup(SubGroupId, GroupId, title) VALUES(40,250,'Local');
INSERT INTO ECOGTCSubGroup(SubGroupId, GroupId, title) VALUES(41,260,'Alopecia');
INSERT INTO ECOGTCSubGroup(SubGroupId, GroupId, title) VALUES(42,270,'Weight gain/loss');
INSERT INTO ECOGTCSubGroup(SubGroupId, GroupId, title) VALUES(43,280,'neuro—sensory');
INSERT INTO ECOGTCSubGroup(SubGroupId, GroupId, title) VALUES(44,280,'neuro—vision');
INSERT INTO ECOGTCSubGroup(SubGroupId, GroupId, title) VALUES(45,280,'neuro—haering');
INSERT INTO ECOGTCSubGroup(SubGroupId, GroupId, title) VALUES(46,290,'neuro—motor');
INSERT INTO ECOGTCSubGroup(SubGroupId, GroupId, title) VALUES(47,290,'neuro—constipation');
INSERT INTO ECOGTCSubGroup(SubGroupId, GroupId, title) VALUES(48,300,'neuro—mood');
INSERT INTO ECOGTCSubGroup(SubGroupId, GroupId, title) VALUES(49,310,'neuro—cortical');
INSERT INTO ECOGTCSubGroup(SubGroupId, GroupId, title) VALUES(50,310,'neuro—cerebellar');
INSERT INTO ECOGTCSubGroup(SubGroupId, GroupId, title) VALUES(51,310,'neuro—headache');
INSERT INTO ECOGTCSubGroup(SubGroupId, GroupId, title) VALUES(52,320,'Hyperglycemia');
INSERT INTO ECOGTCSubGroup(SubGroupId, GroupId, title) VALUES(53,320,'Hypoglycemia');
INSERT INTO ECOGTCSubGroup(SubGroupId, GroupId, title) VALUES(54,320,'Amylase');
INSERT INTO ECOGTCSubGroup(SubGroupId, GroupId, title) VALUES(55,320,'Hypercalcemia');
INSERT INTO ECOGTCSubGroup(SubGroupId, GroupId, title) VALUES(56,320,'Hypocalcemia');
INSERT INTO ECOGTCSubGroup(SubGroupId, GroupId, title) VALUES(57,320,'Hypomagnesemia');
INSERT INTO ECOGTCSubGroup(SubGroupId, GroupId, title) VALUES(58,330,'Fibrinogen');
INSERT INTO ECOGTCSubGroup(SubGroupId, GroupId, title) VALUES(59,330,'Prothrombin time');
INSERT INTO ECOGTCSubGroup(SubGroupId, GroupId, title) VALUES(60,330,'Partial thromboplastin time');



create table ECOGTCOptions(SubGroupId INTEGER, title TEXT, grade INTEGER);
INSERT INTO ECOGTCOptions(SubGroupId, title, grade) VALUES(10,'>= 4.0',0);
INSERT INTO ECOGTCOptions(SubGroupId, title, grade) VALUES(11,'>= 2.0',0);
INSERT INTO ECOGTCOptions(SubGroupId, title, grade) VALUES(12,'>= 2.0',0);
INSERT INTO ECOGTCOptions(SubGroupId, title, grade) VALUES(13,'WNL',0);
INSERT INTO ECOGTCOptions(SubGroupId, title, grade) VALUES(14,'WNL',0);
INSERT INTO ECOGTCOptions(SubGroupId, title, grade) VALUES(15,'none',0);
INSERT INTO ECOGTCOptions(SubGroupId, title, grade) VALUES(16,'none',0);
INSERT INTO ECOGTCOptions(SubGroupId, title, grade) VALUES(17,'none',0);
INSERT INTO ECOGTCOptions(SubGroupId, title, grade) VALUES(18,'WNL',0);
INSERT INTO ECOGTCOptions(SubGroupId, title, grade) VALUES(19,'No Change',0);
INSERT INTO ECOGTCOptions(SubGroupId, title, grade) VALUES(20,'neg',0);
INSERT INTO ECOGTCOptions(SubGroupId, title, grade) VALUES(21,'< 1.5 x N',0);
INSERT INTO ECOGTCOptions(SubGroupId, title, grade) VALUES(22,'none',0);
INSERT INTO ECOGTCOptions(SubGroupId, title, grade) VALUES(23,'none',0);
INSERT INTO ECOGTCOptions(SubGroupId, title, grade) VALUES(24,'none',0);
INSERT INTO ECOGTCOptions(SubGroupId, title, grade) VALUES(25,'none',0);
INSERT INTO ECOGTCOptions(SubGroupId, title, grade) VALUES(26,'WNL',0);
INSERT INTO ECOGTCOptions(SubGroupId, title, grade) VALUES(27,'WNL',0);
INSERT INTO ECOGTCOptions(SubGroupId, title, grade) VALUES(28,'WNL',0);
INSERT INTO ECOGTCOptions(SubGroupId, title, grade) VALUES(29,'no change from baseline',0);
INSERT INTO ECOGTCOptions(SubGroupId, title, grade) VALUES(30,'none or no change',0);
INSERT INTO ECOGTCOptions(SubGroupId, title, grade) VALUES(31,'none',0);
INSERT INTO ECOGTCOptions(SubGroupId, title, grade) VALUES(32,'none',0);
INSERT INTO ECOGTCOptions(SubGroupId, title, grade) VALUES(33,'none',0);
INSERT INTO ECOGTCOptions(SubGroupId, title, grade) VALUES(34,'none',0);
INSERT INTO ECOGTCOptions(SubGroupId, title, grade) VALUES(35,'none or no change',0);
INSERT INTO ECOGTCOptions(SubGroupId, title, grade) VALUES(36,'none or no change',0);
INSERT INTO ECOGTCOptions(SubGroupId, title, grade) VALUES(37,'none or no change',0);
INSERT INTO ECOGTCOptions(SubGroupId, title, grade) VALUES(38,'none',0);
INSERT INTO ECOGTCOptions(SubGroupId, title, grade) VALUES(39,'none',0);
INSERT INTO ECOGTCOptions(SubGroupId, title, grade) VALUES(40,'none',0);
INSERT INTO ECOGTCOptions(SubGroupId, title, grade) VALUES(41,'no loss',0);
INSERT INTO ECOGTCOptions(SubGroupId, title, grade) VALUES(42,'< 5.0%',0);
INSERT INTO ECOGTCOptions(SubGroupId, title, grade) VALUES(43,'none or no change',0);
INSERT INTO ECOGTCOptions(SubGroupId, title, grade) VALUES(44,'none or no change',0);
INSERT INTO ECOGTCOptions(SubGroupId, title, grade) VALUES(45,'none or no change',0);
INSERT INTO ECOGTCOptions(SubGroupId, title, grade) VALUES(46,'none or no change',0);
INSERT INTO ECOGTCOptions(SubGroupId, title, grade) VALUES(47,'none or no change',0);
INSERT INTO ECOGTCOptions(SubGroupId, title, grade) VALUES(48,'No Change',0);
INSERT INTO ECOGTCOptions(SubGroupId, title, grade) VALUES(49,'none',0);
INSERT INTO ECOGTCOptions(SubGroupId, title, grade) VALUES(50,'none',0);
INSERT INTO ECOGTCOptions(SubGroupId, title, grade) VALUES(51,'none',0);
INSERT INTO ECOGTCOptions(SubGroupId, title, grade) VALUES(52,'<116',0);
INSERT INTO ECOGTCOptions(SubGroupId, title, grade) VALUES(53,'>64',0);
INSERT INTO ECOGTCOptions(SubGroupId, title, grade) VALUES(54,'WNL',0);
INSERT INTO ECOGTCOptions(SubGroupId, title, grade) VALUES(55,'<10.6',0);
INSERT INTO ECOGTCOptions(SubGroupId, title, grade) VALUES(56,'>8.4',0);
INSERT INTO ECOGTCOptions(SubGroupId, title, grade) VALUES(57,'>1.4',0);
INSERT INTO ECOGTCOptions(SubGroupId, title, grade) VALUES(58,'WNL',0);
INSERT INTO ECOGTCOptions(SubGroupId, title, grade) VALUES(59,'WNL',0);
INSERT INTO ECOGTCOptions(SubGroupId, title, grade) VALUES(60,'WNL',0);
INSERT INTO ECOGTCOptions(SubGroupId, title, grade) VALUES(10,'3.0 – 3.9',1);
INSERT INTO ECOGTCOptions(SubGroupId, title, grade) VALUES(11,'1.5 – 1.9',1);
INSERT INTO ECOGTCOptions(SubGroupId, title, grade) VALUES(12,'1.5 – 1.9',1);
INSERT INTO ECOGTCOptions(SubGroupId, title, grade) VALUES(13,'75.0 – normal',1);
INSERT INTO ECOGTCOptions(SubGroupId, title, grade) VALUES(14,'10.0 – normal',1);
INSERT INTO ECOGTCOptions(SubGroupId, title, grade) VALUES(15,'mild, no transfusion',1);
INSERT INTO ECOGTCOptions(SubGroupId, title, grade) VALUES(16,'mild, no active Rx',1);
INSERT INTO ECOGTCOptions(SubGroupId, title, grade) VALUES(17,'37.1^degC - 38.0^degC ^nl98.7^degF- 100.4^degF',1);
INSERT INTO ECOGTCOptions(SubGroupId, title, grade) VALUES(18,'< 1.5 x N',1);
INSERT INTO ECOGTCOptions(SubGroupId, title, grade) VALUES(19,'1+ or <0.3g% or <3g/l',1);
INSERT INTO ECOGTCOptions(SubGroupId, title, grade) VALUES(20,'micro only',1);
INSERT INTO ECOGTCOptions(SubGroupId, title, grade) VALUES(21,'1.5 - 2.5 x N',1);
INSERT INTO ECOGTCOptions(SubGroupId, title, grade) VALUES(22,'able to eat reasonable intake',1);
INSERT INTO ECOGTCOptions(SubGroupId, title, grade) VALUES(23,'1 episode in 24 hours',1);
INSERT INTO ECOGTCOptions(SubGroupId, title, grade) VALUES(24,'increase of 2-3 stools/day over pre-Rx',1);
INSERT INTO ECOGTCOptions(SubGroupId, title, grade) VALUES(25,'painless ulcers, erythema, or mild soreness',1);
INSERT INTO ECOGTCOptions(SubGroupId, title, grade) VALUES(27,'<= 2.5xN',1);
INSERT INTO ECOGTCOptions(SubGroupId, title, grade) VALUES(28,'<= 2.5xN',1);
INSERT INTO ECOGTCOptions(SubGroupId, title, grade) VALUES(30,'asymptomatic, with abnormality in PFTs',1);
INSERT INTO ECOGTCOptions(SubGroupId, title, grade) VALUES(31,'asymptomatic, transient, requiring no therapy',1);
INSERT INTO ECOGTCOptions(SubGroupId, title, grade) VALUES(32,'asymptomatic, decline of resting ejection fraction by less than 20% of baseline value',1);
INSERT INTO ECOGTCOptions(SubGroupId, title, grade) VALUES(33,'non-specific T-wave flattening',1);
INSERT INTO ECOGTCOptions(SubGroupId, title, grade) VALUES(34,'asymptomatic effusion, no intervension required',1);
INSERT INTO ECOGTCOptions(SubGroupId, title, grade) VALUES(35,'asymptomatic, transient increase by >20 mm Hg(D) or to >150/100 if previously WNL. No treatment required',1);
INSERT INTO ECOGTCOptions(SubGroupId, title, grade) VALUES(36,'changes requiring no therapy (including transient orthostatic hypotension)',1);
INSERT INTO ECOGTCOptions(SubGroupId, title, grade) VALUES(37,'scattered macular or papular eruption or erythema that is asymptomatic',1);
INSERT INTO ECOGTCOptions(SubGroupId, title, grade) VALUES(38,'transient rash, drug fever < 38ºC, 100.4ºF',1);
INSERT INTO ECOGTCOptions(SubGroupId, title, grade) VALUES(39,'arm',1);
INSERT INTO ECOGTCOptions(SubGroupId, title, grade) VALUES(40,'pain',1);
INSERT INTO ECOGTCOptions(SubGroupId, title, grade) VALUES(41,'mild hair loss',1);
INSERT INTO ECOGTCOptions(SubGroupId, title, grade) VALUES(42,'5.0 - 9.9%',1);
INSERT INTO ECOGTCOptions(SubGroupId, title, grade) VALUES(43,'mild paresthesias; loss of deep tendon reflexes',1);
INSERT INTO ECOGTCOptions(SubGroupId, title, grade) VALUES(45,'asymptomatic, hearing loss on audiometry only',1);
INSERT INTO ECOGTCOptions(SubGroupId, title, grade) VALUES(46,'subjective weakness; no objective findings',1);
INSERT INTO ECOGTCOptions(SubGroupId, title, grade) VALUES(47,'mild',1);
INSERT INTO ECOGTCOptions(SubGroupId, title, grade) VALUES(48,'mild anxiety or depression',1);
INSERT INTO ECOGTCOptions(SubGroupId, title, grade) VALUES(49,'mild somnolence or agitation',1);
INSERT INTO ECOGTCOptions(SubGroupId, title, grade) VALUES(50,'slight incoordination, dysdiadockinesis',1);
INSERT INTO ECOGTCOptions(SubGroupId, title, grade) VALUES(51,'mild',1);
INSERT INTO ECOGTCOptions(SubGroupId, title, grade) VALUES(52,'116 - 160 ',1);
INSERT INTO ECOGTCOptions(SubGroupId, title, grade) VALUES(53,'55-64 ',1);
INSERT INTO ECOGTCOptions(SubGroupId, title, grade) VALUES(54,'<1.5xN ',1);
INSERT INTO ECOGTCOptions(SubGroupId, title, grade) VALUES(55,'10.6 - 11.5 ',1);
INSERT INTO ECOGTCOptions(SubGroupId, title, grade) VALUES(56,'8.4 - 7.8 ',1);
INSERT INTO ECOGTCOptions(SubGroupId, title, grade) VALUES(57,'1.4 - 1.2',1);
INSERT INTO ECOGTCOptions(SubGroupId, title, grade) VALUES(58,'0.99-0.75xN ',1);
INSERT INTO ECOGTCOptions(SubGroupId, title, grade) VALUES(59,'1.01-1.25xN',1);
INSERT INTO ECOGTCOptions(SubGroupId, title, grade) VALUES(60,'1.01-1.66xN',1);
INSERT INTO ECOGTCOptions(SubGroupId, title, grade) VALUES(10,'2.0 – 2.9',2);
INSERT INTO ECOGTCOptions(SubGroupId, title, grade) VALUES(11,'1.0 – 1.4',2);
INSERT INTO ECOGTCOptions(SubGroupId, title, grade) VALUES(12,'1.0 – 1.4',2);
INSERT INTO ECOGTCOptions(SubGroupId, title, grade) VALUES(13,'50.0 – 74.9',2);
INSERT INTO ECOGTCOptions(SubGroupId, title, grade) VALUES(14,'8.0 – 10.0',2);
INSERT INTO ECOGTCOptions(SubGroupId, title, grade) VALUES(15,'gross, 1-2 units transfusion/episode',2);
INSERT INTO ECOGTCOptions(SubGroupId, title, grade) VALUES(16,'Moderate, localized infection requires active Rx',2);
INSERT INTO ECOGTCOptions(SubGroupId, title, grade) VALUES(17,'38.1^degC - 40.0^degC ^nl100.5^degF - 104.0^degF',2);
INSERT INTO ECOGTCOptions(SubGroupId, title, grade) VALUES(18,'1.5 - 3.0 x N',2);
INSERT INTO ECOGTCOptions(SubGroupId, title, grade) VALUES(19,'2-3+ or 0.3 - 1.0g% or 3 - 10g/l',2);
INSERT INTO ECOGTCOptions(SubGroupId, title, grade) VALUES(20,'gross, no clots',2);
INSERT INTO ECOGTCOptions(SubGroupId, title, grade) VALUES(21,'2.6 - 5 x N',2);
INSERT INTO ECOGTCOptions(SubGroupId, title, grade) VALUES(22,'intake significantly decreased but can eat',2);
INSERT INTO ECOGTCOptions(SubGroupId, title, grade) VALUES(23,'2-5 episodes in 24 hours',2);
INSERT INTO ECOGTCOptions(SubGroupId, title, grade) VALUES(24,'increase of 4-6 stools/day, or nocturnal stools, or moderate cramping',2);
INSERT INTO ECOGTCOptions(SubGroupId, title, grade) VALUES(25,'painful erythema, edema, or ulcers, but can eat',2);
INSERT INTO ECOGTCOptions(SubGroupId, title, grade) VALUES(26,'<1.5 x N',2);
INSERT INTO ECOGTCOptions(SubGroupId, title, grade) VALUES(27,'2.6 - 5.0 x N',2);
INSERT INTO ECOGTCOptions(SubGroupId, title, grade) VALUES(28,'2.6 - 5.0 x N',2);
INSERT INTO ECOGTCOptions(SubGroupId, title, grade) VALUES(30,'dyspnea on significant exertion',2);
INSERT INTO ECOGTCOptions(SubGroupId, title, grade) VALUES(31,'recurrent or persistent, no therapy required',2);
INSERT INTO ECOGTCOptions(SubGroupId, title, grade) VALUES(32,'asymptomatic, decline of resting ejection fraction by more than 20% of baseline value',2);
INSERT INTO ECOGTCOptions(SubGroupId, title, grade) VALUES(33,'asymptomatic, ST and T wave changes suggesting ischemia',2);
INSERT INTO ECOGTCOptions(SubGroupId, title, grade) VALUES(34,'pericarditis (rub, chest pain, ECG changes)',2);
INSERT INTO ECOGTCOptions(SubGroupId, title, grade) VALUES(35,'recurrent or persistent increase by >20 mm Hg',2);
INSERT INTO ECOGTCOptions(SubGroupId, title, grade) VALUES(36,'requires fluid replacement or other therapy but not hospitalization',2);
INSERT INTO ECOGTCOptions(SubGroupId, title, grade) VALUES(37,'scattered macular or papular eruption or erythema with pruritus or other associated symptoms',2);
INSERT INTO ECOGTCOptions(SubGroupId, title, grade) VALUES(38,'urticaria, drug fever $ 38EC, 100.4EF, mild bronchospasm',2);
INSERT INTO ECOGTCOptions(SubGroupId, title, grade) VALUES(39,'thrombophlebitis, leg',2);
INSERT INTO ECOGTCOptions(SubGroupId, title, grade) VALUES(40,'pain and swelling, with inflammation or phlebitis',2);
INSERT INTO ECOGTCOptions(SubGroupId, title, grade) VALUES(41,'pronounced or total hair loss',2);
INSERT INTO ECOGTCOptions(SubGroupId, title, grade) VALUES(42,'10.0 - 19.9%',2);
INSERT INTO ECOGTCOptions(SubGroupId, title, grade) VALUES(43,'mild or moderate objective sensory loss; moderate paresthesias',2);
INSERT INTO ECOGTCOptions(SubGroupId, title, grade) VALUES(45,'tinnitus',2);
INSERT INTO ECOGTCOptions(SubGroupId, title, grade) VALUES(46,'mild objective weakness without significant impairment of function',2);
INSERT INTO ECOGTCOptions(SubGroupId, title, grade) VALUES(47,'moderate',2);
INSERT INTO ECOGTCOptions(SubGroupId, title, grade) VALUES(48,'moderate anxiety or depression',2);
INSERT INTO ECOGTCOptions(SubGroupId, title, grade) VALUES(49,'moderate somnolence or agitation',2);
INSERT INTO ECOGTCOptions(SubGroupId, title, grade) VALUES(50,'intention tremor, dysmetria, slurred speech, nystagmus',2);
INSERT INTO ECOGTCOptions(SubGroupId, title, grade) VALUES(51,'moderate or severe but transient',2);
INSERT INTO ECOGTCOptions(SubGroupId, title, grade) VALUES(52,'161 - 250 ',2);
INSERT INTO ECOGTCOptions(SubGroupId, title, grade) VALUES(53,'40-54 ',2);
INSERT INTO ECOGTCOptions(SubGroupId, title, grade) VALUES(54,'1.5-2.0xN ',2);
INSERT INTO ECOGTCOptions(SubGroupId, title, grade) VALUES(55,'11.6 - 12.5 ',2);
INSERT INTO ECOGTCOptions(SubGroupId, title, grade) VALUES(56,'7.7 - 7.0',2);
INSERT INTO ECOGTCOptions(SubGroupId, title, grade) VALUES(57,'1.1 - 0.9',2);
INSERT INTO ECOGTCOptions(SubGroupId, title, grade) VALUES(58,'0.74-0.50xN ',2);
INSERT INTO ECOGTCOptions(SubGroupId, title, grade) VALUES(59,'1.26-1.50xN',2);
INSERT INTO ECOGTCOptions(SubGroupId, title, grade) VALUES(60,'1.67-2.33xN',2);
INSERT INTO ECOGTCOptions(SubGroupId, title, grade) VALUES(10,'1.0 – 2.9',3);
INSERT INTO ECOGTCOptions(SubGroupId, title, grade) VALUES(11,'0.5 – 0.9',3);
INSERT INTO ECOGTCOptions(SubGroupId, title, grade) VALUES(12,'0.5 – 0.9',3);
INSERT INTO ECOGTCOptions(SubGroupId, title, grade) VALUES(13,'25.0 – 49.9',3);
INSERT INTO ECOGTCOptions(SubGroupId, title, grade) VALUES(14,'6.5 – 7.9',3);
INSERT INTO ECOGTCOptions(SubGroupId, title, grade) VALUES(15,'gross, 3-4 units transfusion/episode',3);
INSERT INTO ECOGTCOptions(SubGroupId, title, grade) VALUES(16,'severe, systemic infection requires active Rx, specify site',3);
INSERT INTO ECOGTCOptions(SubGroupId, title, grade) VALUES(17,'> 40.0^degC (> 104.0^degF) for less than 24 hours',3);
INSERT INTO ECOGTCOptions(SubGroupId, title, grade) VALUES(18,'3.1-6.0xN',3);
INSERT INTO ECOGTCOptions(SubGroupId, title, grade) VALUES(19,'4+ or >1.0g% or >10g/l',3);
INSERT INTO ECOGTCOptions(SubGroupId, title, grade) VALUES(20,'gross + clots',3);
INSERT INTO ECOGTCOptions(SubGroupId, title, grade) VALUES(21,'5.1-10xN',3);
INSERT INTO ECOGTCOptions(SubGroupId, title, grade) VALUES(22,'no significant intake',3);
INSERT INTO ECOGTCOptions(SubGroupId, title, grade) VALUES(23,'6-10 episodes in 24 hours',3);
INSERT INTO ECOGTCOptions(SubGroupId, title, grade) VALUES(24,'increase of 7-9 stools/day or incontinence, or severe cramping',3);
INSERT INTO ECOGTCOptions(SubGroupId, title, grade) VALUES(25,'painful erythema, edema or ulcers, and cannot eat',3);
INSERT INTO ECOGTCOptions(SubGroupId, title, grade) VALUES(26,'1.5-3.0xN',3);
INSERT INTO ECOGTCOptions(SubGroupId, title, grade) VALUES(27,'5.1-20.0xN',3);
INSERT INTO ECOGTCOptions(SubGroupId, title, grade) VALUES(28,'5.1-20.0xN',3);
INSERT INTO ECOGTCOptions(SubGroupId, title, grade) VALUES(29,'precoma',3);
INSERT INTO ECOGTCOptions(SubGroupId, title, grade) VALUES(30,'dyspnea at normal level of activity',3);
INSERT INTO ECOGTCOptions(SubGroupId, title, grade) VALUES(31,'requires treatment',3);
INSERT INTO ECOGTCOptions(SubGroupId, title, grade) VALUES(32,'mild CHF, responsive to therapy',3);
INSERT INTO ECOGTCOptions(SubGroupId, title, grade) VALUES(33,'angina without evidence for infarction',3);
INSERT INTO ECOGTCOptions(SubGroupId, title, grade) VALUES(34,'symptomatic effusion; drainage required',3);
INSERT INTO ECOGTCOptions(SubGroupId, title, grade) VALUES(35,'requires therapy',3);
INSERT INTO ECOGTCOptions(SubGroupId, title, grade) VALUES(36,'requires therapy and hospitalization; resolves within 48 hours of stopping the agent',3);
INSERT INTO ECOGTCOptions(SubGroupId, title, grade) VALUES(37,'generalized symptomatic macular, papular or vesicular eruption',3);
INSERT INTO ECOGTCOptions(SubGroupId, title, grade) VALUES(38,'serum sickness, bronchospasm, requires parenteral meds',3);
INSERT INTO ECOGTCOptions(SubGroupId, title, grade) VALUES(39,'hospitalization',3);
INSERT INTO ECOGTCOptions(SubGroupId, title, grade) VALUES(40,'ulceration',3);
INSERT INTO ECOGTCOptions(SubGroupId, title, grade) VALUES(42,'>= 20%',3);
INSERT INTO ECOGTCOptions(SubGroupId, title, grade) VALUES(43,'severe objective sensory loss or paresthesias that interfere with function',3);
INSERT INTO ECOGTCOptions(SubGroupId, title, grade) VALUES(44,'symptomatic subtotal loss of vision',3);
INSERT INTO ECOGTCOptions(SubGroupId, title, grade) VALUES(45,'hearing loss interfering with function but correct- able with hearing aid',3);
INSERT INTO ECOGTCOptions(SubGroupId, title, grade) VALUES(46,'objective weakness with impairment of function',3);
INSERT INTO ECOGTCOptions(SubGroupId, title, grade) VALUES(47,'severe',3);
INSERT INTO ECOGTCOptions(SubGroupId, title, grade) VALUES(48,'severe anxiety or depression',3);
INSERT INTO ECOGTCOptions(SubGroupId, title, grade) VALUES(49,'severe somnolence, agitation, confusion, disorientation or hallucinations',3);
INSERT INTO ECOGTCOptions(SubGroupId, title, grade) VALUES(50,'locomotor ataxia',3);
INSERT INTO ECOGTCOptions(SubGroupId, title, grade) VALUES(51,'unrelenting and severe',3);
INSERT INTO ECOGTCOptions(SubGroupId, title, grade) VALUES(52,'251 - 500 ',3);
INSERT INTO ECOGTCOptions(SubGroupId, title, grade) VALUES(53,'30-39 ',3);
INSERT INTO ECOGTCOptions(SubGroupId, title, grade) VALUES(54,'2.1-5.0xN ',3);
INSERT INTO ECOGTCOptions(SubGroupId, title, grade) VALUES(55,'12.6 - 13.5 ',3);
INSERT INTO ECOGTCOptions(SubGroupId, title, grade) VALUES(56,'6.9 - 6.1',3);
INSERT INTO ECOGTCOptions(SubGroupId, title, grade) VALUES(57,'0.8 - 0.6',3);
INSERT INTO ECOGTCOptions(SubGroupId, title, grade) VALUES(58,'0.49-0.25xN ',3);
INSERT INTO ECOGTCOptions(SubGroupId, title, grade) VALUES(59,'1.51-2.00xN',3);
INSERT INTO ECOGTCOptions(SubGroupId, title, grade) VALUES(60,'2.34-3.00xN',3);
INSERT INTO ECOGTCOptions(SubGroupId, title, grade) VALUES(10,'< 1.0',4);
INSERT INTO ECOGTCOptions(SubGroupId, title, grade) VALUES(11,'< 0.5',4);
INSERT INTO ECOGTCOptions(SubGroupId, title, grade) VALUES(12,'< 0.5',4);
INSERT INTO ECOGTCOptions(SubGroupId, title, grade) VALUES(13,'< 25.0',4);
INSERT INTO ECOGTCOptions(SubGroupId, title, grade) VALUES(14,'< 6.5',4);
INSERT INTO ECOGTCOptions(SubGroupId, title, grade) VALUES(15,'massive, >4 units transfusion/episode',4);
INSERT INTO ECOGTCOptions(SubGroupId, title, grade) VALUES(16,'life-threatening, sepsis, specify site',4);
INSERT INTO ECOGTCOptions(SubGroupId, title, grade) VALUES(17,'>40.0^degC (104.0^degF) for >24 hrs or fever with hypotension',4);
INSERT INTO ECOGTCOptions(SubGroupId, title, grade) VALUES(18,'>6.0 x N',4);
INSERT INTO ECOGTCOptions(SubGroupId, title, grade) VALUES(19,'nephrotic syndrome',4);
INSERT INTO ECOGTCOptions(SubGroupId, title, grade) VALUES(20,'requires transfusion',4);
INSERT INTO ECOGTCOptions(SubGroupId, title, grade) VALUES(21,'>10 x N',4);
INSERT INTO ECOGTCOptions(SubGroupId, title, grade) VALUES(23,'>10 episodes in 24 hrs or',4);
INSERT INTO ECOGTCOptions(SubGroupId, title, grade) VALUES(24,'increase of $10 stools/day or grossly bloody diarrhea, or need for parenteral support',4);
INSERT INTO ECOGTCOptions(SubGroupId, title, grade) VALUES(25,'requires parenteral or enteral support',4);
INSERT INTO ECOGTCOptions(SubGroupId, title, grade) VALUES(26,'>3.0 x N',4);
INSERT INTO ECOGTCOptions(SubGroupId, title, grade) VALUES(27,'>20.0 x N',4);
INSERT INTO ECOGTCOptions(SubGroupId, title, grade) VALUES(28,'>20.0 x N',4);
INSERT INTO ECOGTCOptions(SubGroupId, title, grade) VALUES(29,'hepatic coma',4);
INSERT INTO ECOGTCOptions(SubGroupId, title, grade) VALUES(30,'dyspnea at rest',4);
INSERT INTO ECOGTCOptions(SubGroupId, title, grade) VALUES(31,'requires monitoring, or',4);
INSERT INTO ECOGTCOptions(SubGroupId, title, grade) VALUES(32,'hypotension or ventricular tachycardia or fibrillation',4);
INSERT INTO ECOGTCOptions(SubGroupId, title, grade) VALUES(33,'acute myocardial infarction',4);
INSERT INTO ECOGTCOptions(SubGroupId, title, grade) VALUES(34,'tamponade; drainage urgently required',4);
INSERT INTO ECOGTCOptions(SubGroupId, title, grade) VALUES(35,'hypertensive crisis',4);
INSERT INTO ECOGTCOptions(SubGroupId, title, grade) VALUES(36,'requires therapy and hospitalization for >48 hours after stopping the agent',4);
INSERT INTO ECOGTCOptions(SubGroupId, title, grade) VALUES(37,'exfoliative dermatitis or ulcerating dermatitis',4);
INSERT INTO ECOGTCOptions(SubGroupId, title, grade) VALUES(38,'anaphylaxis',4);
INSERT INTO ECOGTCOptions(SubGroupId, title, grade) VALUES(39,'embolus',4);
INSERT INTO ECOGTCOptions(SubGroupId, title, grade) VALUES(40,'plastic surgery indicated',4);
INSERT INTO ECOGTCOptions(SubGroupId, title, grade) VALUES(44,'blindness',4);
INSERT INTO ECOGTCOptions(SubGroupId, title, grade) VALUES(45,'deafness, not correctable',4);
INSERT INTO ECOGTCOptions(SubGroupId, title, grade) VALUES(46,'paralysis',4);
INSERT INTO ECOGTCOptions(SubGroupId, title, grade) VALUES(47,'ileus >96 hours',4);
INSERT INTO ECOGTCOptions(SubGroupId, title, grade) VALUES(48,'suicidal ideation',4);
INSERT INTO ECOGTCOptions(SubGroupId, title, grade) VALUES(49,'coma, seizures, toxic psychosis',4);
INSERT INTO ECOGTCOptions(SubGroupId, title, grade) VALUES(50,'cerebellar necrosis',4);





create table RegimenList(pk INTEGER PRIMARY KEY, title TEXT);
INSERT INTO RegimenList(pk, title) VALUES(10,'Adenocarcinoma-Unknown Primary');
INSERT INTO RegimenList(pk, title) VALUES(20,'AIDS-Related Kaposi''s Sarcoma');
INSERT INTO RegimenList(pk, title) VALUES(30,'AIDS-Related Lymphoma');

create table RegimenDetail(pk INTEGER PRIMARY KEY, parentPK INTEGER, name TEXT, schedule TEXT, emetogenic_potential TEXT, reference TEXT);

INSERT INTO RegimenDetail(parentPK, name, schedule, emetogenic_potential, reference) VALUES(10,'<b>Carbo-Tax</b>','<b>Carboplatin</b><br/> dose targeted by calvert equation to AUC of <p style="font-weight:bold;">OR</p> 6 mg/ml/min IV over 30 minutes.<br><b>FOLLOWED  BY</b><br><b>paclitaxel<sup>a</sup></b> 200mg/m<sup>2</sup>  IV over 3 hours, day 1<br><b> Filgrastim</b> 300 mcg/d SQ, days 5-12<br>Repeat every 21 days','Moderate','Briasoulis E, Kalofonos H, Bafaloukos D, et al. Carboplatin plus paclitaxel in unknown primary Carcinoma: a Phase II Hellenic Cooperative Oncology Group Study. $J Clin Oncol. 2000; 18(17):3101-3107.$');
INSERT INTO RegimenDetail(parentPK, name, schedule, emetogenic_potential, reference) VALUES(10,'<b>Docetaxel/Carboplatin</b>','<b>Docetaxel<sup>b</sup></b> 75 mg/m<sup>2</sup> IV over 30 minutes, day1<br><b>Carboplatin</b> AUC of 5 mg/mL/min IV over 30 minutes, day 1<br>Repeat every 21 days for a maximum of 8 countries','Moderate','Pentheroudakis G, Briasoulis E, Kalofonos HP, et al. Docetaxel and carboplatin combination chemotherapy as outpatient palliative therapy in carcinoma of unknown primary: a multicentre Hellenic Cooperative Oncology Group Phase II study. $Acta Oncol. 2008;47(6): 1148-1155.$');
INSERT INTO RegimenDetail(parentPK, name, schedule, emetogenic_potential, reference) VALUES(10,'<b>Gemcitabine/Carboplatin/paclitaxel</b>','<b>Gemcitabine</b> 1,000mg/m<sup>2</sup>  1V, days 1,8<br><b>Carboplatin</b> dose targeted by Calvert equation to AUC of 5 IV, day 1<br><b>Paclitaxel<sup>a</sup></b> 200 mg/m2 IV over 1 hour, day 1<br>Repeat cycle every 21 days','Moderate','Greco FA, Burris HA III, Litchy S, et al. Gemcitabine, carboplatin, and paclitaxel for patients with carcinoma of unknown primary site: a Minnie pearl cancer center research Network study. J Clin Oncol.2002;20(6):1651-1656.');
INSERT INTO RegimenDetail(parentPK, name, schedule, emetogenic_potential, reference) VALUES(10,'<b>Gemcitabine/Cisplatin</b>','<b>Gemcitabine</b> 1,250 mg/m<sup>2</sup> IV, days 1 and 8<br><b>Cisplatin</b> 100mg/m<sup>2</sup> IV, day 1<br>Repeat every 21 days','High','Culine S, Lortholary A, Voigt JJ, et al. Gemcitabine, carboplatin combintion with either gemcitabine or irinotecan in carcinomas of unknown primary site: results of a randomized phase II study- trial for the French study Group on Carcinomas of Unknown Primary (GEFCAPI 01). $JClin Oncol. 2003;21(18):3479-3482.$');
INSERT INTO RegimenDetail(parentPK, name, schedule, emetogenic_potential, reference) VALUES(10,'<b>Gemcitabine/Docetaxel</b>','<b>Gemcitabine</b> 1,000mg/m<sup>2</sup> IV over 30 minutes, days 1 and 8<br><b>Docetaxel<sup>b</sup></b> 75 mg/m<sup>2</sup>  IV over 1 hour, day 8<br>Repeat every 21 days for a maximum of 6 cycles','Low','Pouessel D, Culine S, Becht C, et al. Gemcitabine and docetaxel as front-line chemotherapy in patients with carcinoma of an unknown primary site. $Cancer. 2004; 100(6): 1257-1261.$');
INSERT INTO RegimenDetail(parentPK, name, schedule, emetogenic_potential, reference) VALUES(10,'<b>Oxaliplatin Capecitabine</b>','<b>Oxaliplatin</b> 130 mg/m<sup>2</sup>  IV, day 1<br><b>Capecitabine</b> 1,000 mg/m<sup>2</sup> PO bid, days 1-14<br>Repeat cycle every 21 days for 6 cycles                                                 ','Moderate','Hainsworth JD, Spigel DR, Burris HA, et al. Oxaliplatin and capecitabine inn the treatment of patients with recurrent or refractory carcinoma of unknown primary site: A phase 2 trial of the Sarah Cannon Oncology Research Consortium. $Cancer. 2010; 116(10):2448-2454.$');
INSERT INTO RegimenDetail(parentPK, name, schedule, emetogenic_potential, reference) VALUES(10,'<b>Paclitaxel/Carboplatin/Etoposide</b>','<b>Paclitaxel<sup>a</sup></b>  200mg/m<sup>2</sup> IV over 1 hour, day 1,<br><b>FOLLOWED BY</b><br> <b>Carboplatin</b> dose targeted by Calvert equation to AUC of 6 mg/mL/min IV, day 1<br><b>Etoposide</b> 50 mg/d PO alternated with 100mg/d PO, days 1-10<br> Repeat every 21 days','Moderate','Hainsworth JD, Spigel DR, Litchy S, Greco FA. Phase II trial of paclitaxel, carboplatin, and etoposide in advanced poorly differentiated neutroendocrine carcinoma: a Minnie Pearl Cancer Network Study. $J Clin Oncol. 2006;24(22):3548-3554.$');
INSERT INTO RegimenDetail(parentPK, name, schedule, emetogenic_potential, reference) VALUES(20,'<b>Interferon alfa-2b</b>','<b>Interferon alfa-2b<sup>c</sup></b>  30 million IU/m<sup>2</sup> IM <b>OR</b> SQ 3 times per week<br>Repeat until disease progression or maximal response has been achieved after 16 weeks','Moderate','Intron A [Package insert]. $Kenilworth, NJ: Schering-Plough; 2011.$');
INSERT INTO RegimenDetail(parentPK, name, schedule, emetogenic_potential, reference) VALUES(20,'<b>Liposomal daunorubicin</b>','<b>Liposomal daunorubicin</b> 40 mg/m<sup>2</sup> IV over 60 minutes<br>  Repeat every 14 days','Moderate','Rosenthal E, Poizot-Martin I, Saint Marc T, et al. Phase Ivstudy of liposomal daunorubicin (DaunoXome) in AIDS-related Kaposi sarcoma. $AM J Clin Oncol.2002;25(1): 57-59$');
INSERT INTO RegimenDetail(parentPK, name, schedule, emetogenic_potential, reference) VALUES(20,'<b>Paclitaxel</b>','<b>Paclitaxel<sup>a</sup></b>  135 mg/m<sup>2</sup> IV over 3 hours<br> Repeat every 21 days<br><b>OR</b><br> <b>Paclitaxel<sup>a</sup></b> 100 mg/m<sup>2</sup> IV over 3 hours<br>Repeat every 14 days   ','Low','Taxol [Package insert]. $Princeton, NJ: Bristol- Myers Squibb Oncology; 2011.$');
INSERT INTO RegimenDetail(parentPK, name, schedule, emetogenic_potential, reference) VALUES(20,'<b>Pegylated liposomal doxorubicin</b>','<b>Pegylated liposomal doxorubicin</b> 20 mg/m<sup>2</sup> IV every 3 weeks as tolerated at an initial rate of 1 mg/min; if no infusion- related adverse events are observed, the infusiion rate can be increased to complete administration over 1 hour.','Low','Daxil [Package insert]. $Raritan, NJ: Centocor Ortho Biotech Products, LP; 2010.$');
INSERT INTO RegimenDetail(parentPK, name, schedule, emetogenic_potential, reference) VALUES(30,'<b>CDE</b>','<b>Cyclophosphamide</b> 200mg/m<sup>2</sup>/d CIVI for 4 days<br><b>Doxorubicin</b> 12.5 mg/m<sup>2</sup>/d CIVI for 4 days<br> <b>Etoposide</b> 60 mg/m<sup>2</sup>/d CIVI for 4 days<br> Repeat every 28 days for a maximum of 8 cycles','Moderate','Sparano JA,Lee S, Chen MG, et al. Phase II trial of infusional, cyclophosphamide, doxorubicin, and etoposide in patients with HIV-associated non-Hodgkins lymphoma: an Eastern Cooperative Oncology Group Trial (E1491). $J Clin Oncol. 2004; 22(8): 1491-1500.$');
INSERT INTO RegimenDetail(parentPK, name, schedule, emetogenic_potential, reference) VALUES(30,'<b>CHOP</b>','<b>Cyclophosphamide</b> 750mg/m<sup>2</sup> IV, day 1<br> Doxorubicin 50 mg/m<sup>2</sup> IV, day 1<br><b>Vincristine<sup>d</sup></b> 1.4 mg/m<sup>2</sup> IV, day 1<br> <b>Prednisone</b> 100mg/m<sup>2</sup> PO, days 1-5<br> Repeat every 21 days; doses of cyclophosamide and doxorubicin may be reduced up to 25% in high-risk patients','Moderate','Weiss R, Mitrou P, Arasteh K, et.al. Acquired immunodeficiency syndrome-related lymphoma: Simultaneous treatment with combined cyclophosphamide, doxorubicin, Vincristine, and prednisone chemotherapy and highly active antiretroviral therapy is safe and improves survival--results of the German Multicenter Trial. $Cancer. 2006; 106(7): 1560-1568.$');
INSERT INTO RegimenDetail(parentPK, name, schedule, emetogenic_potential, reference) VALUES(30,'<b>CODOX-M/IVAC</b>','<u>CYCLES 1 and 3 (CODOX-M)</u><br>  <b>Cyclophosphamide</b> 800 mg/m<sup>2</sup> IV, day 1<br> <b>Cyclophosphamide<b> 200 mg/m<sup>2</sup>/d IV, days 2-5<br>  <b>Doxorubicin</b> 40 mg/m<sup>2</sup> IV, day 1<br> <b>Vincristine<sup>b</sup></b> 1.5 mg/m<sup>2</sup> IV, days 1, 8 for cycle 1,days 1, 8, 15 for cycle 2<br> <b>MTX</b> 1,200 mg/m<sup>2</sup> IV over 1 h, day 10, <b>THEN</b> 240 mg/m2/h CIVI for the next 23 hours<br> <b>Leucovorin calicium</b> 50 mg IV q6h, begining 36 hours from the start of MTX until MTX level <0.05 mcM<br> <b>Filgrastim</b> beginning 24 h from the start of leucovorin until ANC>1,000<br> <u>CNS PROPHYLAXIS</u><br> <b>Cytarabine</b> 70 mg IT, days 1, 3<br> <b>MTX<b> 12 mg IT, day 15<br> <u>CYCLES 2 AND 4 (IVAC)</u><br> <b>Ifosofamide</b> 1,500 mg/m<sup>2</sup> IV, days 1-5<br> <b>Mesna</b> 1,500 mg/m<sup>2</sup> IV, days 1-5<br> <b>Etoposide</b> 60 mg/m<sup>2</sup> IV, days 1-5<br> <b>Cytarabine</b> 2,000 mg/m<sup>2</sup> IV q 12h, days 1 and 2<br> <b>Filgrastim</b> beginning 24 h after completion of chemotherapy until ANC >1,000<br> <u>CNS PROPHYLAXIS</u><br> <b>MTX</b> 12 mg IT, day 15<br> Additional IT Treatment for CNS disease- positive patients:<br> Cycle 1: cytarabine 70 mg IT, days 1,3,5, and MTX 12 mg IT, days 15,17<br> Cycle 3: cytarabine 70 mg IT, days 1,3, and MTX 12 mg IT, day 15                                                                                                                                                               ','Moderate','Wang ES, Strauss DJ, Teruya-Feldstein J, et al. Intensive chemotherapy with cyclophosphosphamide, doxorucibicin, high-dose methotrecate/ ifosfamide, etoposide, and high-dose cytarabine (CODOX-M/IVAC)for human immunodeficiency virus-associated Burkitt lymphoma. $Cancer. 2003;98(6): 1196-1205.$');
INSERT INTO RegimenDetail(parentPK, name, schedule, emetogenic_potential, reference) VALUES(30,'<b>Dose-adjusted EPOCH</b>','<b>Etoposide</b> 50 mg/m<sup>2</sup>/d CIVI, days 1-4 (96 hours)<br> <b>Doxrubicin</b> 10 mg/m<sup>2</sup>/d CIVI, days 1-4 (96 hours)<br> <b>Vincristine<sup>d</sup></b> 0.4 mg/m<sup>2</sup>/d /CIVI, days 1-4 (96 hours)<br> <b>Cyclophosphamide</b> Cycle1: 375 mg/m<sup>2</sup> IV, day 5, if CD4+ cells >= 100/mm<sup>3</sup>; 187 mg/m<sup>2</sup> IV, day 5, if CD4+ cells<100/mm<sup>3</sup><br> After cycle 1: increase dose by 187 mg if nadir ANC > 500/mvL or platelets <25,000/mcL<br> <b>Prednisone</b> 60 mg/m<sup>2</sup>/d PO, days 1-5<br> <b>Filgrastim</b> 5 mcg/kg/d SQ, day 6, and until ANC >5,000/mcl<br> Repeat every 21 days','Moderate','Little RF, Pittaluga S, Grant N, et al. Highly effective treatment of acquired immunodeficiency syndrome-related lymphoma with dose-adjusted EPOCH: impact of antiretroviral therapy suspension and tumor biology. $BLOOD.2003;101(12):4653-4659.$');


